ID_Intervento,Azienda,Città,Macchinario,Tipo_Macchinario,Tipo_Intervento,Priorità,Data_Intervento,Tecnico,Durata_Ore,Stato,Costo_Euro,Età_Macchinario_Anni,Ore_Utilizzo_Totali,Mesi_Senza_Intervento,Interventi_Ultimi_12_Mesi,Esito_Intervento
INT-0001,IMA Industries,Bologna,Compressore Boge C15,Compressore,Manutenzione Correttiva,Alta,2022-08-27,Ferretti,6.6,Completato,152.18,9.0,16890,17,1,Completato
INT-0002,SCM Group,Rimini,Giunto elastico Flender,Trasmissione,Guasto Urgente,Alta,2022-12-11,Ansaloni,2.1,Recidiva,1113.4,9.8,11823,5,6,Recidiva
INT-0003,Frigomec Srl,Modena,Pannello PLC Siemens S7,Quadro Elettrico,Manutenzione Correttiva,Bassa,2024-06-01,Ansaloni,5.0,Completato,603.02,6.7,14559,12,1,Completato
INT-0004,Termomeccanica Srl,Parma,Compressore Kaeser SK25,Compressore,Guasto Urgente,Media,2022-12-30,Ferretti,3.3,Completato,806.18,10.3,21284,12,4,Completato
INT-0005,Termomeccanica Srl,Parma,Variatore SEW Eurodrive,Trasmissione,Manutenzione Correttiva,Bassa,2022-08-23,Ansaloni,10.0,Completato,2269.72,2.4,3790,17,3,Completato
INT-0006,Elcon Srl,Piacenza,Quadro MCC Schneider,Quadro Elettrico,Manutenzione Preventiva,Alta,2022-09-27,Monti,9.2,Completato,1245.34,2.9,4927,14,2,Completato
INT-0007,Elcon Srl,Piacenza,Quadro BT ABB,Quadro Elettrico,Manutenzione Preventiva,Alta,2023-09-03,Bernardini,1.7,Completato,1118.0,6.4,8261,1,1,Completato
INT-0008,Pneumax Srl,Bergamo,Cinghia trapezoidale SKF,Trasmissione,Manutenzione Correttiva,Alta,2022-06-11,Ferretti,6.0,Completato,2674.38,8.3,10910,17,4,Completato
INT-0009,Aeroquip Srl,Ferrara,Variatore SEW Eurodrive,Trasmissione,Manutenzione Preventiva,Media,2024-03-08,Ansaloni,11.1,Completato,2578.3,10.5,15733,16,3,Completato
INT-0010,Tecnoinox Srl,Reggio Emilia,Pompa Centrifuga Grundfos NB,Pompa,Manutenzione Preventiva,Bassa,2022-03-29,Ansaloni,9.1,Parziale,2299.58,10.6,21535,9,3,Parziale
INT-0011,Samp SpA,Bologna,Chiller Trane CGAM,Refrigerazione,Ispezione Periodica,Media,2024-01-01,Bernardini,4.4,Completato,2786.81,3.5,7253,13,3,Completato
INT-0012,Frigomec Srl,Modena,Pompa Flygt Serie 3,Pompa,Manutenzione Correttiva,Alta,2022-03-02,Ansaloni,3.5,Completato,2542.74,1.2,1465,17,3,Completato
INT-0013,Tecnoinox Srl,Reggio Emilia,Compressore Kaeser SK25,Compressore,Manutenzione Preventiva,Media,2022-04-07,Ferretti,2.1,Completato,1252.46,3.0,3996,18,7,Completato
INT-0014,Rollon SpA,Milano,Pompa Flygt Serie 3,Pompa,Guasto Urgente,Alta,2022-09-12,Ferretti,3.1,Parziale,1538.7,8.2,17910,3,0,Parziale
INT-0015,Marchesini Group,Bologna,Pompa KSB Etanorm,Pompa,Manutenzione Preventiva,Bassa,2022-04-06,Ansaloni,11.2,Completato,2388.45,10.6,13519,17,1,Completato
INT-0016,Coesia SpA,Bologna,Pompa Flygt Serie 3,Pompa,Guasto Urgente,Media,2023-03-10,Ansaloni,8.7,Completato,2066.97,10.9,14874,0,6,Completato
INT-0017,Samp SpA,Bologna,Pompa KSB Etanorm,Pompa,Manutenzione Correttiva,Alta,2023-05-30,Ansaloni,11.1,Completato,1524.66,11.6,20638,17,0,Completato
INT-0018,Fluid System Srl,Modena,Riduttore Bonfiglioli VF,Trasmissione,Manutenzione Preventiva,Bassa,2023-09-01,Ferretti,1.4,Completato,302.99,7.3,13689,7,6,Completato
INT-0019,Cefla Srl,Imola,Pannello PLC Siemens S7,Quadro Elettrico,Guasto Urgente,Media,2023-04-15,Monti,7.8,Completato,1611.34,3.2,5106,9,7,Completato
INT-0020,IMA Industries,Bologna,Compressore Kaeser SK25,Compressore,Guasto Urgente,Alta,2022-11-06,Ferretti,7.7,Completato,2765.27,11.2,23305,7,5,Completato
INT-0021,Cefla Srl,Imola,Compressore Boge C15,Compressore,Manutenzione Correttiva,Alta,2022-08-04,Ferretti,8.9,Completato,633.78,11.3,15077,3,1,Completato
INT-0022,Aeroquip Srl,Ferrara,Giunto elastico Flender,Trasmissione,Manutenzione Preventiva,Bassa,2022-09-26,Ansaloni,2.8,Completato,1281.79,1.6,2597,8,0,Completato
INT-0023,Rollon SpA,Milano,Riduttore Bonfiglioli VF,Trasmissione,Manutenzione Preventiva,Alta,2024-03-26,Ansaloni,11.7,Completato,188.51,6.8,13835,18,8,Completato
INT-0024,Frigomec Srl,Modena,Chiller Trane CGAM,Refrigerazione,Ispezione Periodica,Alta,2024-03-30,Bernardini,9.9,Completato,2477.45,9.5,19799,13,2,Completato
INT-0025,Carpigiani SpA,Bologna,Refrigeratore Clivet WSAN,Refrigerazione,Guasto Urgente,Media,2022-02-09,Bernardini,10.4,Completato,685.02,9.7,20021,7,4,Completato
INT-0026,Pneumax Srl,Bergamo,Pannello PLC Siemens S7,Quadro Elettrico,Manutenzione Preventiva,Alta,2022-12-26,Bernardini,8.1,Completato,1167.13,3.1,5766,12,5,Completato
INT-0027,Samp SpA,Bologna,Quadro MCC Schneider,Quadro Elettrico,Manutenzione Preventiva,Media,2022-11-18,Monti,5.8,Completato,2757.12,2.6,5622,8,0,Completato
INT-0028,IMA Industries,Bologna,Pompa KSB Etanorm,Pompa,Guasto Urgente,Alta,2022-12-05,Ansaloni,7.9,Completato,1884.41,0.5,1062,17,3,Completato
INT-0029,IMA Industries,Bologna,Pannello PLC Siemens S7,Quadro Elettrico,Guasto Urgente,Bassa,2022-06-28,Monti,7.8,Completato,898.58,5.1,7627,4,3,Completato
INT-0030,Samp SpA,Bologna,Compressore Boge C15,Compressore,Guasto Urgente,Media,2024-03-23,Ferretti,10.9,Completato,2245.19,9.5,17163,10,7,Completato
INT-0031,Coesia SpA,Bologna,Compressore Boge C15,Compressore,Manutenzione Preventiva,Alta,2022-09-08,Ferretti,11.8,Completato,1742.67,1.6,3443,7,4,Completato
INT-0032,Termomeccanica Srl,Parma,Pompa Flygt Serie 3,Pompa,Manutenzione Preventiva,Media,2024-05-31,Bernardini,9.5,Parziale,369.92,8.8,13939,12,3,Parziale
INT-0033,Rollon SpA,Milano,Chiller Trane CGAM,Refrigerazione,Manutenzione Preventiva,Media,2023-07-27,Ansaloni,7.5,Completato,2664.11,1.1,1594,3,7,Completato
INT-0034,Pneumax Srl,Bergamo,Giunto elastico Flender,Trasmissione,Guasto Urgente,Alta,2024-02-24,Ansaloni,9.6,Completato,1398.1,10.8,20991,15,7,Completato
INT-0035,Datalogic SpA,Bologna,Quadro Automazione Allen Bradley,Quadro Elettrico,Manutenzione Preventiva,Media,2023-12-25,Monti,3.4,Completato,1208.44,3.2,4914,17,1,Completato
INT-0036,Tecnoinox Srl,Reggio Emilia,Giunto elastico Flender,Trasmissione,Ispezione Periodica,Media,2022-01-07,Ansaloni,11.4,Completato,892.23,10.1,16053,18,0,Completato
INT-0037,Elcon Srl,Piacenza,Pompa KSB Etanorm,Pompa,Manutenzione Correttiva,Bassa,2023-09-30,Ansaloni,6.9,Parziale,2546.85,5.5,6759,10,6,Parziale
INT-0038,Carpigiani SpA,Bologna,Compressore Ingersoll R55,Compressore,Guasto Urgente,Alta,2022-10-12,Ferretti,9.3,Parziale,2342.83,2.6,3796,10,3,Parziale
INT-0039,Aeroquip Srl,Ferrara,Compressore Ingersoll R55,Compressore,Manutenzione Correttiva,Bassa,2022-01-21,Ferretti,7.8,Completato,728.84,12.0,18599,2,0,Completato
INT-0040,Bonfiglioli SpA,Bologna,Compressore Kaeser SK25,Compressore,Ispezione Periodica,Alta,2022-11-16,Ferretti,7.3,Completato,2549.83,9.3,12720,3,2,Completato
INT-0041,Elcon Srl,Piacenza,Pompa KSB Etanorm,Pompa,Manutenzione Preventiva,Media,2023-06-03,Ansaloni,8.1,Completato,114.41,1.7,3353,3,0,Completato
INT-0042,Rollon SpA,Milano,Pompa Centrifuga Grundfos NB,Pompa,Manutenzione Preventiva,Media,2023-09-23,Ansaloni,9.9,Completato,1543.83,7.8,15823,4,6,Completato
INT-0043,Bonfiglioli SpA,Bologna,Pompa Flygt Serie 3,Pompa,Ispezione Periodica,Alta,2023-09-17,Monti,8.4,Completato,995.0,4.2,6071,2,4,Completato
INT-0044,Bonfiglioli SpA,Bologna,Quadro BT ABB,Quadro Elettrico,Manutenzione Preventiva,Bassa,2024-01-08,Monti,5.5,Completato,1590.08,9.7,14941,8,8,Completato
INT-0045,Datalogic SpA,Bologna,Pompa Flygt Serie 3,Pompa,Manutenzione Correttiva,Media,2022-12-19,Ansaloni,5.7,Completato,2108.94,1.6,2274,7,4,Completato
INT-0046,Tecnoinox Srl,Reggio Emilia,Quadro Automazione Allen Bradley,Quadro Elettrico,Manutenzione Correttiva,Bassa,2022-07-16,Monti,3.4,Completato,1397.02,3.2,6148,10,1,Completato
INT-0047,Cefla Srl,Imola,Cinghia trapezoidale SKF,Trasmissione,Manutenzione Correttiva,Alta,2022-02-25,Bernardini,7.1,Completato,1976.98,3.9,6087,9,0,Completato
INT-0048,Marchesini Group,Bologna,Pompa Centrifuga Grundfos NB,Pompa,Manutenzione Preventiva,Bassa,2022-03-08,Monti,5.4,Completato,281.5,5.9,9678,5,0,Completato
INT-0049,Fluid System Srl,Modena,Chiller Trane CGAM,Refrigerazione,Manutenzione Correttiva,Media,2023-06-20,Monti,5.2,Completato,2551.13,1.5,2172,17,6,Completato
INT-0050,Marposs SpA,Bologna,Giunto elastico Flender,Trasmissione,Manutenzione Preventiva,Alta,2023-07-20,Ansaloni,1.8,Completato,87.28,7.5,14550,6,3,Completato
INT-0051,Pneumax Srl,Bergamo,Giunto elastico Flender,Trasmissione,Manutenzione Correttiva,Bassa,2023-10-03,Ansaloni,7.5,Completato,2266.62,3.8,5634,14,1,Completato
INT-0052,SCM Group,Rimini,Pompa Centrifuga Grundfos NB,Pompa,Manutenzione Preventiva,Alta,2023-08-06,Ansaloni,11.1,Completato,1274.5,10.9,22090,2,0,Completato
INT-0053,Pneumax Srl,Bergamo,Quadro Automazione Allen Bradley,Quadro Elettrico,Manutenzione Correttiva,Alta,2023-11-22,Ansaloni,10.2,Completato,1644.54,5.5,9889,13,5,Completato
INT-0054,Carpigiani SpA,Bologna,Quadro MCC Schneider,Quadro Elettrico,Ispezione Periodica,Media,2022-04-04,Monti,6.2,Completato,1190.71,5.9,10923,8,2,Completato
INT-0055,Tecnoinox Srl,Reggio Emilia,Compressore Kaeser SK25,Compressore,Manutenzione Preventiva,Media,2024-03-02,Ferretti,5.4,Completato,1479.7,3.8,8151,17,0,Completato
INT-0056,Carpigiani SpA,Bologna,Giunto elastico Flender,Trasmissione,Manutenzione Correttiva,Alta,2022-10-22,Ansaloni,5.8,Completato,1979.24,6.5,11847,15,7,Completato
INT-0057,IMA Industries,Bologna,Compressore Kaeser SK25,Compressore,Ispezione Periodica,Bassa,2022-05-01,Ferretti,8.1,Completato,498.8,6.8,11915,2,3,Completato
INT-0058,Marposs SpA,Bologna,Cinghia trapezoidale SKF,Trasmissione,Guasto Urgente,Bassa,2024-06-19,Ansaloni,2.5,Completato,269.88,11.8,17036,17,2,Completato
INT-0059,Rollon SpA,Milano,Pannello PLC Siemens S7,Quadro Elettrico,Manutenzione Correttiva,Alta,2022-12-07,Monti,7.1,Completato,1558.13,8.8,17929,18,7,Completato
INT-0060,Pneumax Srl,Bergamo,Quadro BT ABB,Quadro Elettrico,Guasto Urgente,Media,2023-01-26,Bernardini,5.2,Parziale,1885.23,7.1,10178,13,0,Parziale
INT-0061,Marchesini Group,Bologna,Pompa Centrifuga Grundfos NB,Pompa,Guasto Urgente,Media,2023-02-24,Ansaloni,10.6,Completato,2718.28,10.5,21778,14,1,Completato
INT-0062,Termomeccanica Srl,Parma,Pompa Lowara FC,Pompa,Ispezione Periodica,Media,2023-05-15,Ansaloni,10.6,Parziale,177.65,8.0,16414,17,6,Parziale
INT-0063,Termomeccanica Srl,Parma,Refrigeratore Clivet WSAN,Refrigerazione,Manutenzione Preventiva,Alta,2022-11-29,Ferretti,9.8,Completato,877.96,5.5,7141,3,7,Completato
INT-0064,Frigomec Srl,Modena,Pompa KSB Etanorm,Pompa,Manutenzione Preventiva,Bassa,2022-09-04,Ansaloni,6.5,Completato,1666.19,7.0,13947,5,2,Completato
INT-0065,Datalogic SpA,Bologna,Pompa Lowara FC,Pompa,Guasto Urgente,Alta,2023-08-25,Ansaloni,4.3,Completato,2696.72,10.8,17984,9,8,Completato
INT-0066,Aeroquip Srl,Ferrara,Pompa Lowara FC,Pompa,Guasto Urgente,Bassa,2024-04-29,Ansaloni,8.2,Completato,826.59,10.3,13458,12,5,Completato
INT-0067,Fluid System Srl,Modena,Giunto elastico Flender,Trasmissione,Manutenzione Correttiva,Media,2024-01-09,Monti,9.4,Completato,1931.93,9.4,13443,11,3,Completato
INT-0068,Marchesini Group,Bologna,Compressore Atlas Copco GA55,Compressore,Ispezione Periodica,Media,2022-07-25,Ferretti,2.5,Completato,1547.19,0.9,1408,4,1,Completato
INT-0069,Frigomec Srl,Modena,Cinghia trapezoidale SKF,Trasmissione,Manutenzione Correttiva,Alta,2024-02-12,Monti,11.6,Completato,2419.58,11.0,23586,9,5,Completato
INT-0070,Elcon Srl,Piacenza,Cinghia trapezoidale SKF,Trasmissione,Manutenzione Correttiva,Media,2024-04-22,Ansaloni,8.0,Completato,1090.41,0.7,1215,14,5,Completato
INT-0071,Datalogic SpA,Bologna,Pompa Centrifuga Grundfos NB,Pompa,Ispezione Periodica,Alta,2022-05-24,Ansaloni,1.5,Completato,181.22,11.0,15635,2,7,Completato
INT-0072,Bonfiglioli SpA,Bologna,Compressore Atlas Copco GA55,Compressore,Manutenzione Correttiva,Media,2023-11-02,Ferretti,2.1,Parziale,1411.02,5.0,7855,17,6,Parziale
INT-0073,Rollon SpA,Milano,Quadro MCC Schneider,Quadro Elettrico,Ispezione Periodica,Media,2023-10-23,Monti,4.9,Parziale,1162.94,5.6,12043,11,1,Parziale
INT-0074,SCM Group,Rimini,Compressore Ingersoll R55,Compressore,Manutenzione Correttiva,Alta,2023-08-02,Ferretti,3.3,Completato,2337.1,7.9,14197,0,0,Completato
INT-0075,Samp SpA,Bologna,Chiller Trane CGAM,Refrigerazione,Ispezione Periodica,Alta,2022-09-14,Bernardini,9.8,Completato,379.0,4.3,5794,0,4,Completato
INT-0076,Carpigiani SpA,Bologna,Gruppo Frigo Carrier 30XA,Refrigerazione,Manutenzione Preventiva,Media,2022-03-07,Bernardini,6.2,Completato,2196.21,7.3,8875,8,0,Completato
INT-0077,Cefla Srl,Imola,Riduttore Bonfiglioli VF,Trasmissione,Guasto Urgente,Bassa,2023-05-06,Ansaloni,10.3,Completato,1239.46,11.4,14174,16,4,Completato
INT-0078,IMA Industries,Bologna,Pompa Flygt Serie 3,Pompa,Manutenzione Correttiva,Media,2023-01-26,Ansaloni,11.9,Completato,1523.11,4.2,5663,4,4,Completato
INT-0079,Pneumax Srl,Bergamo,Giunto elastico Flender,Trasmissione,Guasto Urgente,Bassa,2024-04-27,Ansaloni,6.0,Completato,1211.49,10.3,19064,17,3,Completato
INT-0080,IMA Industries,Bologna,Quadro Automazione Allen Bradley,Quadro Elettrico,Manutenzione Preventiva,Alta,2024-02-02,Monti,9.1,Completato,2288.01,4.8,6492,15,1,Completato
INT-0081,Samp SpA,Bologna,Compressore Boge C15,Compressore,Ispezione Periodica,Bassa,2023-08-15,Ferretti,6.6,Completato,500.87,4.6,8580,13,0,Completato
INT-0082,Bonfiglioli SpA,Bologna,Gruppo Frigo Carrier 30XA,Refrigerazione,Manutenzione Correttiva,Bassa,2023-09-21,Bernardini,8.4,Completato,1594.33,1.8,2661,7,6,Completato
INT-0083,Aeroquip Srl,Ferrara,Compressore Kaeser SK25,Compressore,Manutenzione Correttiva,Media,2023-10-11,Ferretti,11.7,Completato,329.58,11.1,17216,5,2,Completato
INT-0084,Cefla Srl,Imola,Gruppo Frigo Daikin EWAD,Refrigerazione,Ispezione Periodica,Media,2022-02-20,Bernardini,8.4,Completato,820.12,2.3,3476,10,1,Completato
INT-0085,Rollon SpA,Milano,Pompa Flygt Serie 3,Pompa,Manutenzione Preventiva,Media,2023-11-15,Ansaloni,4.4,Completato,679.81,9.2,12087,13,1,Completato
INT-0086,Fluid System Srl,Modena,Compressore Kaeser SK25,Compressore,Guasto Urgente,Alta,2022-05-13,Ferretti,5.2,Completato,1993.99,9.3,18266,9,5,Completato
INT-0087,Cefla Srl,Imola,Cinghia trapezoidale SKF,Trasmissione,Manutenzione Correttiva,Media,2023-03-04,Ansaloni,4.2,Completato,1181.69,5.5,9128,2,5,Completato
INT-0088,Tecnoinox Srl,Reggio Emilia,Gruppo Frigo Daikin EWAD,Refrigerazione,Manutenzione Correttiva,Media,2022-11-14,Monti,9.2,Completato,682.68,1.5,3066,7,6,Completato
INT-0089,Coesia SpA,Bologna,Compressore Atlas Copco GA55,Compressore,Manutenzione Preventiva,Alta,2022-06-06,Ferretti,9.4,Completato,1862.98,10.9,16888,4,3,Completato
INT-0090,Coesia SpA,Bologna,Pompa Flygt Serie 3,Pompa,Guasto Urgente,Alta,2022-11-07,Ansaloni,9.8,Completato,1688.66,8.3,17280,10,5,Completato
INT-0091,Frigomec Srl,Modena,Riduttore Bonfiglioli VF,Trasmissione,Manutenzione Correttiva,Bassa,2023-09-01,Ansaloni,6.6,Completato,1338.58,0.9,1411,9,1,Completato
INT-0092,Samp SpA,Bologna,Compressore Ingersoll R55,Compressore,Manutenzione Preventiva,Bassa,2024-01-02,Bernardini,1.9,Completato,1837.47,4.2,7037,4,0,Completato
INT-0093,Fluid System Srl,Modena,Gruppo Frigo Daikin EWAD,Refrigerazione,Manutenzione Correttiva,Media,2023-10-09,Bernardini,8.1,Completato,259.28,4.7,9954,12,6,Completato
INT-0094,IMA Industries,Bologna,Giunto elastico Flender,Trasmissione,Guasto Urgente,Media,2022-05-13,Ansaloni,7.5,Completato,2631.37,4.3,7665,4,5,Completato
INT-0095,Marposs SpA,Bologna,Giunto elastico Flender,Trasmissione,Manutenzione Correttiva,Media,2023-01-07,Ansaloni,4.4,Completato,2667.18,9.9,18514,16,1,Completato
INT-0096,Tecnoinox Srl,Reggio Emilia,Pompa KSB Etanorm,Pompa,Manutenzione Correttiva,Bassa,2022-02-08,Ansaloni,8.3,Parziale,2463.79,2.3,3440,3,8,Parziale
INT-0097,Marchesini Group,Bologna,Giunto elastico Flender,Trasmissione,Manutenzione Preventiva,Alta,2023-03-31,Ansaloni,7.7,Completato,2126.5,10.1,19908,5,7,Completato
INT-0098,Pneumax Srl,Bergamo,Chiller Trane CGAM,Refrigerazione,Guasto Urgente,Alta,2023-06-25,Bernardini,5.6,Completato,520.8,10.9,15194,18,7,Completato
INT-0099,SCM Group,Rimini,Variatore SEW Eurodrive,Trasmissione,Manutenzione Correttiva,Media,2022-03-27,Ferretti,9.4,Completato,821.99,7.9,16385,17,1,Completato
INT-0100,Cefla Srl,Imola,Gruppo Frigo Daikin EWAD,Refrigerazione,Manutenzione Preventiva,Alta,2022-03-25,Bernardini,5.1,Completato,156.67,9.9,20637,0,6,Completato
INT-0101,IMA Industries,Bologna,Quadro BT ABB,Quadro Elettrico,Guasto Urgente,Alta,2022-09-20,Monti,3.4,Completato,486.69,11.1,18564,4,7,Completato
INT-0102,Cefla Srl,Imola,Pompa Centrifuga Grundfos NB,Pompa,Manutenzione Preventiva,Bassa,2023-07-03,Ansaloni,1.2,Completato,1481.82,4.0,4990,13,7,Completato
INT-0103,Datalogic SpA,Bologna,Refrigeratore Clivet WSAN,Refrigerazione,Ispezione Periodica,Alta,2023-06-04,Bernardini,9.7,Completato,1460.73,3.3,5334,2,8,Completato
INT-0104,Carpigiani SpA,Bologna,Pompa Flygt Serie 3,Pompa,Manutenzione Correttiva,Alta,2023-10-06,Ansaloni,2.1,Completato,1662.78,11.8,17153,0,5,Completato
INT-0105,Tecnoinox Srl,Reggio Emilia,Gruppo Frigo Carrier 30XA,Refrigerazione,Manutenzione Correttiva,Media,2024-03-05,Bernardini,11.4,Completato,180.6,9.9,13613,14,7,Completato
INT-0106,SCM Group,Rimini,Compressore Kaeser SK25,Compressore,Guasto Urgente,Media,2023-01-01,Monti,10.5,Completato,210.03,11.2,19212,17,7,Completato
INT-0107,Tecnoinox Srl,Reggio Emilia,Quadro MCC Schneider,Quadro Elettrico,Ispezione Periodica,Alta,2024-03-27,Monti,6.7,Completato,2259.12,10.7,20793,12,5,Completato
INT-0108,Rollon SpA,Milano,Compressore Ingersoll R55,Compressore,Manutenzione Correttiva,Alta,2023-03-13,Ferretti,2.8,Completato,1287.43,6.8,10344,2,5,Completato
INT-0109,Pneumax Srl,Bergamo,Compressore Boge C15,Compressore,Manutenzione Correttiva,Media,2024-02-07,Ferretti,8.5,Completato,2671.59,3.7,8066,1,1,Completato
INT-0110,Marchesini Group,Bologna,Giunto elastico Flender,Trasmissione,Ispezione Periodica,Alta,2023-04-06,Ansaloni,11.4,Completato,1091.88,3.2,5904,11,6,Completato
INT-0111,Termomeccanica Srl,Parma,Variatore SEW Eurodrive,Trasmissione,Manutenzione Correttiva,Media,2023-07-30,Ansaloni,2.3,Completato,2187.9,4.1,6062,3,0,Completato
INT-0112,Pneumax Srl,Bergamo,Refrigeratore Clivet WSAN,Refrigerazione,Manutenzione Preventiva,Media,2024-04-09,Bernardini,8.5,Recidiva,2379.82,2.8,3740,2,7,Recidiva
INT-0113,Tecnoinox Srl,Reggio Emilia,Quadro MCC Schneider,Quadro Elettrico,Guasto Urgente,Alta,2022-05-23,Monti,3.6,Completato,1423.74,10.8,22154,5,5,Completato
INT-0114,Frigomec Srl,Modena,Cinghia trapezoidale SKF,Trasmissione,Ispezione Periodica,Media,2024-02-27,Ansaloni,5.5,Completato,1643.73,7.5,9646,9,6,Completato
INT-0115,Marchesini Group,Bologna,Quadro MCC Schneider,Quadro Elettrico,Manutenzione Correttiva,Alta,2024-06-08,Monti,1.6,Completato,417.72,2.0,4058,17,2,Completato
INT-0116,Marchesini Group,Bologna,Quadro BT ABB,Quadro Elettrico,Manutenzione Preventiva,Bassa,2022-05-09,Monti,7.9,Completato,1751.24,4.5,9634,9,1,Completato
INT-0117,Termomeccanica Srl,Parma,Variatore SEW Eurodrive,Trasmissione,Ispezione Periodica,Alta,2023-10-19,Ansaloni,9.5,Completato,799.86,2.5,4561,10,0,Completato
INT-0118,SCM Group,Rimini,Giunto elastico Flender,Trasmissione,Guasto Urgente,Bassa,2022-11-01,Ansaloni,6.0,Completato,1953.03,6.2,11328,9,4,Completato
INT-0119,Coesia SpA,Bologna,Pompa Flygt Serie 3,Pompa,Ispezione Periodica,Alta,2023-07-30,Ansaloni,2.2,Completato,737.53,4.4,5912,10,5,Completato
INT-0120,IMA Industries,Bologna,Quadro Automazione Allen Bradley,Quadro Elettrico,Ispezione Periodica,Bassa,2023-08-15,Monti,8.9,Completato,596.35,1.1,2359,13,3,Completato
INT-0121,Coesia SpA,Bologna,Pompa Flygt Serie 3,Pompa,Guasto Urgente,Alta,2022-02-19,Ansaloni,1.6,Completato,1426.11,6.2,7998,12,8,Completato
INT-0122,Bonfiglioli SpA,Bologna,Quadro MCC Schneider,Quadro Elettrico,Guasto Urgente,Media,2022-07-19,Ansaloni,5.0,Completato,865.0,2.0,2928,11,6,Completato
INT-0123,Elcon Srl,Piacenza,Giunto elastico Flender,Trasmissione,Ispezione Periodica,Media,2022-12-14,Ansaloni,7.1,Completato,1074.45,10.0,18232,3,2,Completato
INT-0124,Marchesini Group,Bologna,Gruppo Frigo Daikin EWAD,Refrigerazione,Guasto Urgente,Media,2022-12-02,Bernardini,11.2,Completato,946.4,0.9,1722,15,8,Completato
INT-0125,Elcon Srl,Piacenza,Cinghia trapezoidale SKF,Trasmissione,Guasto Urgente,Alta,2022-11-12,Ansaloni,9.8,Completato,2052.88,8.7,13048,0,5,Completato
INT-0126,Carpigiani SpA,Bologna,Giunto elastico Flender,Trasmissione,Manutenzione Correttiva,Media,2022-06-01,Ansaloni,10.0,Parziale,738.77,8.8,15695,5,8,Parziale
INT-0127,IMA Industries,Bologna,Gruppo Frigo Carrier 30XA,Refrigerazione,Manutenzione Correttiva,Bassa,2024-01-24,Bernardini,9.0,Parziale,1999.71,2.2,4159,13,8,Parziale
INT-0128,Cefla Srl,Imola,Refrigeratore Clivet WSAN,Refrigerazione,Ispezione Periodica,Alta,2024-03-01,Ansaloni,10.5,Completato,1931.63,6.5,9839,5,7,Completato
INT-0129,Aeroquip Srl,Ferrara,Giunto elastico Flender,Trasmissione,Manutenzione Correttiva,Media,2023-05-07,Ansaloni,4.8,Completato,2619.67,3.7,5544,9,4,Completato
INT-0130,Aeroquip Srl,Ferrara,Quadro MCC Schneider,Quadro Elettrico,Manutenzione Preventiva,Alta,2022-12-21,Monti,11.2,Completato,1864.24,10.8,17220,11,2,Completato
INT-0131,Bonfiglioli SpA,Bologna,Chiller Trane CGAM,Refrigerazione,Manutenzione Correttiva,Media,2023-11-17,Monti,11.0,Completato,693.83,11.2,21237,4,1,Completato
INT-0132,Datalogic SpA,Bologna,Compressore Atlas Copco GA55,Compressore,Ispezione Periodica,Alta,2024-06-18,Ferretti,6.2,Completato,1849.47,1.7,3350,0,8,Completato
INT-0133,Marposs SpA,Bologna,Pannello PLC Siemens S7,Quadro Elettrico,Guasto Urgente,Bassa,2022-02-07,Monti,12.0,Parziale,1159.83,8.0,11457,1,2,Parziale
INT-0134,Bonfiglioli SpA,Bologna,Refrigeratore Clivet WSAN,Refrigerazione,Guasto Urgente,Media,2022-05-18,Ferretti,10.4,Completato,1353.02,3.9,7030,10,4,Completato
INT-0135,SCM Group,Rimini,Compressore Boge C15,Compressore,Manutenzione Correttiva,Media,2022-06-29,Ferretti,7.7,Completato,1817.33,8.0,15348,0,5,Completato
INT-0136,Elcon Srl,Piacenza,Pompa Lowara FC,Pompa,Manutenzione Preventiva,Media,2022-10-01,Ansaloni,11.5,Completato,901.29,2.6,3485,10,3,Completato
INT-0137,Carpigiani SpA,Bologna,Pannello PLC Siemens S7,Quadro Elettrico,Manutenzione Correttiva,Bassa,2024-02-28,Monti,4.4,Parziale,399.37,8.2,13656,5,6,Parziale
INT-0138,Marposs SpA,Bologna,Quadro BT ABB,Quadro Elettrico,Manutenzione Correttiva,Bassa,2024-04-01,Monti,8.3,Completato,674.08,6.0,9929,11,6,Completato
INT-0139,Datalogic SpA,Bologna,Riduttore Bonfiglioli VF,Trasmissione,Ispezione Periodica,Alta,2022-06-18,Ansaloni,4.6,Completato,1495.33,1.4,2469,1,8,Completato
INT-0140,IMA Industries,Bologna,Gruppo Frigo Daikin EWAD,Refrigerazione,Guasto Urgente,Alta,2024-04-06,Bernardini,4.4,Completato,139.22,9.8,16203,16,6,Completato
INT-0141,Aeroquip Srl,Ferrara,Compressore Kaeser SK25,Compressore,Ispezione Periodica,Alta,2022-02-02,Ferretti,4.2,Parziale,569.55,5.4,10262,17,0,Parziale
INT-0142,Marchesini Group,Bologna,Pompa Lowara FC,Pompa,Manutenzione Preventiva,Bassa,2022-05-17,Ansaloni,8.2,Parziale,1025.93,5.7,12067,12,6,Parziale
INT-0143,Coesia SpA,Bologna,Giunto elastico Flender,Trasmissione,Manutenzione Correttiva,Alta,2024-04-23,Ansaloni,3.5,Completato,1332.9,10.1,19757,9,7,Completato
INT-0144,Marchesini Group,Bologna,Quadro BT ABB,Quadro Elettrico,Manutenzione Preventiva,Alta,2023-09-05,Ferretti,8.4,Completato,2452.42,0.9,1674,0,3,Completato
INT-0145,Datalogic SpA,Bologna,Compressore Ingersoll R55,Compressore,Ispezione Periodica,Alta,2023-08-13,Ferretti,4.5,Recidiva,1706.34,9.2,18179,4,8,Recidiva
INT-0146,Tecnoinox Srl,Reggio Emilia,Refrigeratore Clivet WSAN,Refrigerazione,Manutenzione Correttiva,Media,2022-12-19,Bernardini,11.4,Completato,1906.05,5.3,7818,17,2,Completato
INT-0147,Cefla Srl,Imola,Quadro Automazione Allen Bradley,Quadro Elettrico,Manutenzione Correttiva,Alta,2024-04-05,Monti,6.1,Completato,236.74,4.8,9381,15,3,Completato
INT-0148,Rollon SpA,Milano,Pompa KSB Etanorm,Pompa,Manutenzione Preventiva,Media,2022-10-02,Ansaloni,5.1,Completato,1725.52,2.8,5170,14,5,Completato
INT-0149,Fluid System Srl,Modena,Compressore Kaeser SK25,Compressore,Ispezione Periodica,Alta,2024-01-30,Bernardini,2.3,Parziale,2798.84,6.0,12416,10,4,Parziale
INT-0150,Bonfiglioli SpA,Bologna,Chiller Trane CGAM,Refrigerazione,Guasto Urgente,Media,2023-06-10,Bernardini,10.7,Completato,1347.53,6.8,13433,12,7,Completato
INT-0151,Bonfiglioli SpA,Bologna,Quadro BT ABB,Quadro Elettrico,Manutenzione Preventiva,Bassa,2023-03-04,Monti,4.2,Completato,613.64,1.0,2064,4,0,Completato
INT-0152,Datalogic SpA,Bologna,Pompa KSB Etanorm,Pompa,Manutenzione Preventiva,Media,2024-01-08,Ansaloni,7.0,Completato,580.61,3.5,7075,15,7,Completato
INT-0153,Samp SpA,Bologna,Compressore Atlas Copco GA55,Compressore,Guasto Urgente,Media,2022-06-04,Ferretti,1.1,Completato,1455.59,11.4,21297,0,6,Completato
INT-0154,Frigomec Srl,Modena,Compressore Ingersoll R55,Compressore,Guasto Urgente,Media,2022-01-18,Ferretti,6.5,Recidiva,1978.18,0.6,1050,0,0,Recidiva
INT-0155,Rollon SpA,Milano,Gruppo Frigo Carrier 30XA,Refrigerazione,Manutenzione Preventiva,Media,2023-02-20,Bernardini,6.0,Completato,741.53,3.3,6005,8,5,Completato
INT-0156,Datalogic SpA,Bologna,Quadro MCC Schneider,Quadro Elettrico,Manutenzione Preventiva,Alta,2023-05-27,Monti,10.3,Completato,1834.15,1.6,2526,17,7,Completato
INT-0157,Tecnoinox Srl,Reggio Emilia,Riduttore Bonfiglioli VF,Trasmissione,Manutenzione Preventiva,Bassa,2022-10-15,Ferretti,10.9,Completato,1612.75,3.1,6513,18,7,Completato
INT-0158,Fluid System Srl,Modena,Refrigeratore Clivet WSAN,Refrigerazione,Manutenzione Preventiva,Media,2024-05-19,Bernardini,5.3,Completato,2518.55,7.3,14251,12,1,Completato
INT-0159,Tecnoinox Srl,Reggio Emilia,Pompa KSB Etanorm,Pompa,Guasto Urgente,Bassa,2024-02-27,Ansaloni,7.8,Completato,1700.06,6.3,13698,1,1,Completato
INT-0160,Tecnoinox Srl,Reggio Emilia,Compressore Boge C15,Compressore,Manutenzione Preventiva,Media,2024-03-01,Ferretti,7.8,Completato,2250.71,6.1,9490,12,6,Completato
INT-0161,Termomeccanica Srl,Parma,Compressore Boge C15,Compressore,Manutenzione Preventiva,Alta,2022-10-04,Ferretti,2.1,Completato,317.45,9.0,13650,3,1,Completato
INT-0162,Rollon SpA,Milano,Pompa Flygt Serie 3,Pompa,Manutenzione Preventiva,Media,2024-01-13,Ansaloni,10.9,Completato,2542.16,4.6,5948,10,6,Completato
INT-0163,Datalogic SpA,Bologna,Variatore SEW Eurodrive,Trasmissione,Manutenzione Preventiva,Media,2023-05-11,Ansaloni,9.6,Completato,1062.26,2.1,3152,15,2,Completato
INT-0164,Datalogic SpA,Bologna,Pompa KSB Etanorm,Pompa,Manutenzione Correttiva,Alta,2024-04-15,Ansaloni,10.1,Completato,1850.82,4.0,8595,10,6,Completato
INT-0165,Marchesini Group,Bologna,Pannello PLC Siemens S7,Quadro Elettrico,Manutenzione Preventiva,Media,2023-08-13,Monti,9.6,Completato,966.41,6.0,8265,12,5,Completato
INT-0166,Aeroquip Srl,Ferrara,Pompa Lowara FC,Pompa,Ispezione Periodica,Media,2023-03-25,Ansaloni,9.8,Completato,2341.09,7.3,12743,17,0,Completato
INT-0167,Termomeccanica Srl,Parma,Pompa Flygt Serie 3,Pompa,Manutenzione Preventiva,Bassa,2023-02-15,Ansaloni,6.9,Completato,2591.91,3.3,6133,13,6,Completato
INT-0168,Rollon SpA,Milano,Riduttore Bonfiglioli VF,Trasmissione,Manutenzione Correttiva,Media,2023-10-25,Ansaloni,7.7,Completato,1611.96,8.6,17305,2,1,Completato
INT-0169,Elcon Srl,Piacenza,Quadro Automazione Allen Bradley,Quadro Elettrico,Manutenzione Correttiva,Media,2023-02-05,Monti,6.1,Completato,1928.39,3.5,5987,16,8,Completato
INT-0170,Cefla Srl,Imola,Refrigeratore Clivet WSAN,Refrigerazione,Ispezione Periodica,Bassa,2022-12-18,Ansaloni,6.0,Completato,642.68,1.7,2747,2,1,Completato
INT-0171,Bonfiglioli SpA,Bologna,Quadro Automazione Allen Bradley,Quadro Elettrico,Ispezione Periodica,Bassa,2022-06-18,Monti,11.2,Completato,2094.13,4.2,6301,3,0,Completato
INT-0172,Cefla Srl,Imola,Chiller Trane CGAM,Refrigerazione,Manutenzione Preventiva,Media,2024-01-26,Bernardini,7.8,Completato,616.72,11.5,16466,12,2,Completato
INT-0173,Rollon SpA,Milano,Pompa Centrifuga Grundfos NB,Pompa,Manutenzione Correttiva,Media,2022-07-21,Ansaloni,6.0,Completato,793.6,3.7,7043,2,1,Completato
INT-0174,Bonfiglioli SpA,Bologna,Cinghia trapezoidale SKF,Trasmissione,Manutenzione Correttiva,Media,2023-09-22,Ansaloni,7.5,Completato,1908.14,7.3,11299,14,2,Completato
INT-0175,Tecnoinox Srl,Reggio Emilia,Compressore Kaeser SK25,Compressore,Manutenzione Correttiva,Media,2023-05-14,Ferretti,8.0,Completato,1966.14,4.8,6438,12,6,Completato
INT-0176,Coesia SpA,Bologna,Variatore SEW Eurodrive,Trasmissione,Ispezione Periodica,Media,2023-01-29,Ansaloni,11.6,Completato,1454.79,2.7,5513,1,5,Completato
INT-0177,Bonfiglioli SpA,Bologna,Pompa Flygt Serie 3,Pompa,Manutenzione Preventiva,Alta,2022-06-22,Ansaloni,9.6,Completato,1618.57,6.1,7824,0,3,Completato
INT-0178,Bonfiglioli SpA,Bologna,Riduttore Bonfiglioli VF,Trasmissione,Manutenzione Correttiva,Alta,2023-07-14,Ansaloni,3.4,Completato,1236.42,9.4,19018,11,8,Completato
INT-0179,Datalogic SpA,Bologna,Quadro MCC Schneider,Quadro Elettrico,Manutenzione Preventiva,Media,2024-05-31,Monti,8.8,Completato,1801.14,10.4,13384,3,3,Completato
INT-0180,Coesia SpA,Bologna,Variatore SEW Eurodrive,Trasmissione,Guasto Urgente,Alta,2022-10-27,Ansaloni,4.2,Recidiva,807.17,9.8,17346,17,4,Recidiva
INT-0181,Cefla Srl,Imola,Compressore Kaeser SK25,Compressore,Manutenzione Preventiva,Media,2024-02-19,Ansaloni,10.3,Completato,1148.15,11.1,24336,4,2,Completato
INT-0182,Marchesini Group,Bologna,Cinghia trapezoidale SKF,Trasmissione,Guasto Urgente,Alta,2023-01-13,Ansaloni,6.0,Parziale,1407.48,5.7,10451,2,6,Parziale
INT-0183,Carpigiani SpA,Bologna,Compressore Ingersoll R55,Compressore,Ispezione Periodica,Bassa,2022-11-27,Ferretti,10.1,Completato,998.69,10.3,20555,12,3,Completato
INT-0184,Marchesini Group,Bologna,Giunto elastico Flender,Trasmissione,Manutenzione Preventiva,Bassa,2022-01-01,Ansaloni,11.9,Completato,1243.61,1.0,1826,14,0,Completato
INT-0185,Marchesini Group,Bologna,Quadro BT ABB,Quadro Elettrico,Manutenzione Correttiva,Media,2023-10-03,Monti,4.4,Completato,1982.48,1.6,2496,2,5,Completato
INT-0186,Datalogic SpA,Bologna,Pompa Centrifuga Grundfos NB,Pompa,Guasto Urgente,Media,2022-12-18,Ansaloni,10.0,Completato,2767.78,3.0,3833,18,3,Completato
INT-0187,Rollon SpA,Milano,Gruppo Frigo Daikin EWAD,Refrigerazione,Guasto Urgente,Alta,2024-04-12,Bernardini,9.3,Completato,442.16,1.5,3008,3,5,Completato
INT-0188,Marchesini Group,Bologna,Compressore Atlas Copco GA55,Compressore,Manutenzione Correttiva,Media,2022-04-13,Ferretti,2.5,Completato,414.99,5.6,10765,4,6,Completato
INT-0189,Elcon Srl,Piacenza,Quadro Automazione Allen Bradley,Quadro Elettrico,Manutenzione Correttiva,Media,2023-12-09,Monti,1.3,Completato,2384.03,3.3,6087,7,8,Completato
INT-0190,Marposs SpA,Bologna,Chiller Trane CGAM,Refrigerazione,Guasto Urgente,Alta,2022-03-14,Bernardini,6.8,Completato,2739.34,7.9,15672,7,7,Completato
INT-0191,Frigomec Srl,Modena,Quadro BT ABB,Quadro Elettrico,Manutenzione Preventiva,Alta,2022-02-10,Monti,11.1,Completato,2660.41,4.7,8849,15,1,Completato
INT-0192,Elcon Srl,Piacenza,Cinghia trapezoidale SKF,Trasmissione,Manutenzione Correttiva,Alta,2023-06-08,Ansaloni,11.1,Completato,2730.13,5.4,8652,17,8,Completato
INT-0193,Marchesini Group,Bologna,Cinghia trapezoidale SKF,Trasmissione,Manutenzione Preventiva,Bassa,2023-09-19,Ansaloni,7.7,Completato,921.27,4.1,6713,7,0,Completato
INT-0194,Coesia SpA,Bologna,Compressore Atlas Copco GA55,Compressore,Manutenzione Correttiva,Media,2022-05-10,Ferretti,9.2,Completato,2455.81,2.4,5167,16,8,Completato
INT-0195,IMA Industries,Bologna,Compressore Boge C15,Compressore,Guasto Urgente,Media,2024-05-29,Monti,7.2,Completato,1080.11,6.5,9509,18,1,Completato
INT-0196,Aeroquip Srl,Ferrara,Compressore Atlas Copco GA55,Compressore,Manutenzione Preventiva,Media,2024-05-28,Ferretti,1.4,Completato,2264.47,1.0,2062,7,0,Completato
INT-0197,Rollon SpA,Milano,Refrigeratore Clivet WSAN,Refrigerazione,Guasto Urgente,Bassa,2024-04-03,Bernardini,6.7,Completato,204.93,3.6,4600,11,1,Completato
INT-0198,Elcon Srl,Piacenza,Compressore Ingersoll R55,Compressore,Manutenzione Preventiva,Media,2023-09-30,Monti,3.7,Completato,1081.7,4.3,7538,0,5,Completato
INT-0199,Bonfiglioli SpA,Bologna,Chiller Trane CGAM,Refrigerazione,Manutenzione Preventiva,Media,2024-01-15,Bernardini,4.4,Completato,638.13,0.8,1393,0,5,Completato
INT-0200,Datalogic SpA,Bologna,Pompa Flygt Serie 3,Pompa,Guasto Urgente,Media,2024-02-05,Bernardini,1.9,Completato,339.97,8.7,11249,7,8,Completato
INT-0201,Marchesini Group,Bologna,Pompa Centrifuga Grundfos NB,Pompa,Manutenzione Preventiva,Alta,2023-12-19,Ansaloni,10.2,Completato,967.4,5.5,11903,7,4,Completato
INT-0202,Pneumax Srl,Bergamo,Quadro BT ABB,Quadro Elettrico,Manutenzione Preventiva,Media,2022-05-04,Monti,6.9,Completato,2703.81,2.1,4137,3,2,Completato
INT-0203,SCM Group,Rimini,Pompa Lowara FC,Pompa,Manutenzione Preventiva,Bassa,2023-12-30,Ansaloni,3.7,Completato,1047.62,1.5,3011,9,0,Completato
INT-0204,Cefla Srl,Imola,Compressore Boge C15,Compressore,Manutenzione Correttiva,Alta,2024-04-03,Ferretti,9.7,Completato,410.35,0.9,1443,14,8,Completato
INT-0205,Fluid System Srl,Modena,Chiller Trane CGAM,Refrigerazione,Ispezione Periodica,Alta,2022-07-22,Bernardini,10.9,Recidiva,1286.13,4.8,8785,2,4,Recidiva
INT-0206,Marchesini Group,Bologna,Compressore Boge C15,Compressore,Guasto Urgente,Media,2022-12-29,Ferretti,3.4,Completato,589.05,1.1,2336,13,6,Completato
INT-0207,Aeroquip Srl,Ferrara,Pompa KSB Etanorm,Pompa,Manutenzione Preventiva,Alta,2022-07-24,Ansaloni,8.1,Completato,2248.38,7.9,13421,17,7,Completato
INT-0208,Datalogic SpA,Bologna,Riduttore Bonfiglioli VF,Trasmissione,Guasto Urgente,Alta,2023-09-04,Monti,3.4,Completato,2516.48,6.0,11888,11,8,Completato
INT-0209,Aeroquip Srl,Ferrara,Compressore Ingersoll R55,Compressore,Guasto Urgente,Media,2024-02-22,Ferretti,12.0,Completato,676.8,11.7,15211,7,4,Completato
INT-0210,Elcon Srl,Piacenza,Quadro BT ABB,Quadro Elettrico,Manutenzione Correttiva,Media,2022-05-26,Monti,7.2,Completato,592.0,9.8,18596,18,0,Completato
INT-0211,Bonfiglioli SpA,Bologna,Cinghia trapezoidale SKF,Trasmissione,Guasto Urgente,Alta,2022-07-26,Ansaloni,9.9,Parziale,1006.86,1.5,2148,7,0,Parziale
INT-0212,Coesia SpA,Bologna,Quadro MCC Schneider,Quadro Elettrico,Guasto Urgente,Bassa,2022-04-14,Monti,4.7,Completato,957.48,9.4,19236,11,1,Completato
INT-0213,Coesia SpA,Bologna,Pompa Flygt Serie 3,Pompa,Manutenzione Correttiva,Bassa,2024-01-22,Ansaloni,8.6,Completato,426.39,8.6,15153,11,3,Completato
INT-0214,Carpigiani SpA,Bologna,Giunto elastico Flender,Trasmissione,Ispezione Periodica,Alta,2022-09-01,Ferretti,4.8,Completato,949.09,2.6,3947,7,1,Completato
INT-0215,Termomeccanica Srl,Parma,Quadro Automazione Allen Bradley,Quadro Elettrico,Manutenzione Correttiva,Alta,2023-03-06,Monti,11.7,Completato,2485.98,3.4,4310,8,1,Completato
INT-0216,Bonfiglioli SpA,Bologna,Pompa Lowara FC,Pompa,Manutenzione Preventiva,Alta,2022-10-29,Ansaloni,1.2,Completato,790.27,10.0,19887,18,3,Completato
INT-0217,IMA Industries,Bologna,Compressore Boge C15,Compressore,Manutenzione Correttiva,Media,2022-02-01,Ferretti,5.7,Completato,1857.89,2.4,3060,2,5,Completato
INT-0218,Rollon SpA,Milano,Gruppo Frigo Carrier 30XA,Refrigerazione,Guasto Urgente,Alta,2022-02-20,Bernardini,5.3,Completato,1575.08,11.7,18828,17,8,Completato
INT-0219,Bonfiglioli SpA,Bologna,Gruppo Frigo Carrier 30XA,Refrigerazione,Manutenzione Preventiva,Alta,2022-03-25,Bernardini,6.2,Completato,394.18,1.5,3035,15,3,Completato
INT-0220,Elcon Srl,Piacenza,Pompa Flygt Serie 3,Pompa,Ispezione Periodica,Media,2022-09-27,Monti,5.8,Completato,796.45,1.5,2616,5,5,Completato
INT-0221,Aeroquip Srl,Ferrara,Riduttore Bonfiglioli VF,Trasmissione,Ispezione Periodica,Media,2024-05-10,Ansaloni,5.3,Completato,1501.42,1.5,2315,17,6,Completato
INT-0222,Samp SpA,Bologna,Pompa KSB Etanorm,Pompa,Manutenzione Correttiva,Media,2023-09-28,Ansaloni,2.6,Completato,2661.97,5.0,10269,1,8,Completato
INT-0223,Pneumax Srl,Bergamo,Chiller Trane CGAM,Refrigerazione,Ispezione Periodica,Media,2022-09-22,Bernardini,4.5,Completato,2057.72,2.0,3246,13,3,Completato
INT-0224,Termomeccanica Srl,Parma,Compressore Ingersoll R55,Compressore,Manutenzione Correttiva,Alta,2023-08-04,Ferretti,7.5,Completato,2142.79,10.4,17884,0,8,Completato
INT-0225,IMA Industries,Bologna,Compressore Atlas Copco GA55,Compressore,Manutenzione Preventiva,Alta,2023-09-16,Ferretti,8.5,Completato,1172.68,10.6,15519,15,7,Completato
INT-0226,Elcon Srl,Piacenza,Quadro BT ABB,Quadro Elettrico,Manutenzione Correttiva,Alta,2023-05-19,Monti,10.4,Completato,1942.8,11.1,23277,0,5,Completato
INT-0227,Datalogic SpA,Bologna,Refrigeratore Clivet WSAN,Refrigerazione,Manutenzione Preventiva,Alta,2024-01-29,Ansaloni,6.3,Completato,1484.88,9.4,14296,13,1,Completato
INT-0228,Frigomec Srl,Modena,Compressore Kaeser SK25,Compressore,Manutenzione Preventiva,Bassa,2022-03-01,Ferretti,3.7,Completato,1321.54,2.1,4307,18,0,Completato
INT-0229,Frigomec Srl,Modena,Refrigeratore Clivet WSAN,Refrigerazione,Manutenzione Preventiva,Media,2024-06-10,Bernardini,6.2,Completato,1579.63,6.3,11563,3,0,Completato
INT-0230,Frigomec Srl,Modena,Refrigeratore Clivet WSAN,Refrigerazione,Ispezione Periodica,Media,2022-10-03,Bernardini,8.2,Completato,1476.12,3.8,6028,5,3,Completato
INT-0231,Carpigiani SpA,Bologna,Pompa KSB Etanorm,Pompa,Guasto Urgente,Media,2022-09-16,Ansaloni,3.4,Completato,901.83,3.1,5605,9,4,Completato
INT-0232,Cefla Srl,Imola,Giunto elastico Flender,Trasmissione,Manutenzione Correttiva,Media,2022-04-21,Ansaloni,6.3,Completato,994.69,6.4,11919,11,8,Completato
INT-0233,Aeroquip Srl,Ferrara,Pannello PLC Siemens S7,Quadro Elettrico,Ispezione Periodica,Bassa,2023-11-08,Monti,4.5,Completato,460.61,2.7,4636,7,0,Completato
INT-0234,Carpigiani SpA,Bologna,Pompa Lowara FC,Pompa,Guasto Urgente,Media,2023-10-16,Ansaloni,9.6,Completato,2545.75,5.2,10071,18,3,Completato
INT-0235,Frigomec Srl,Modena,Cinghia trapezoidale SKF,Trasmissione,Manutenzione Correttiva,Alta,2022-12-10,Bernardini,8.2,Completato,684.53,3.9,6516,8,8,Completato
INT-0236,Datalogic SpA,Bologna,Quadro Automazione Allen Bradley,Quadro Elettrico,Manutenzione Preventiva,Bassa,2023-09-28,Monti,1.8,Completato,2499.24,4.8,8570,14,1,Completato
INT-0237,Cefla Srl,Imola,Compressore Ingersoll R55,Compressore,Guasto Urgente,Bassa,2023-04-14,Ferretti,2.6,Parziale,2425.71,1.1,2259,4,3,Parziale
INT-0238,Coesia SpA,Bologna,Compressore Ingersoll R55,Compressore,Manutenzione Preventiva,Media,2022-06-12,Ferretti,6.4,Completato,2156.91,4.1,5157,14,4,Completato
INT-0239,Termomeccanica Srl,Parma,Gruppo Frigo Daikin EWAD,Refrigerazione,Guasto Urgente,Media,2022-11-26,Bernardini,9.3,Recidiva,1524.41,5.4,9057,0,0,Recidiva
INT-0240,Carpigiani SpA,Bologna,Compressore Kaeser SK25,Compressore,Manutenzione Preventiva,Bassa,2022-10-25,Ferretti,6.0,Completato,1495.18,4.1,5341,16,4,Completato
INT-0241,Cefla Srl,Imola,Quadro Automazione Allen Bradley,Quadro Elettrico,Manutenzione Preventiva,Bassa,2022-01-20,Bernardini,3.5,Completato,2057.9,4.4,9246,11,3,Completato
INT-0242,Marchesini Group,Bologna,Gruppo Frigo Carrier 30XA,Refrigerazione,Ispezione Periodica,Alta,2022-02-19,Bernardini,7.5,Completato,210.45,1.9,3631,1,6,Completato
INT-0243,IMA Industries,Bologna,Compressore Atlas Copco GA55,Compressore,Manutenzione Correttiva,Alta,2022-01-10,Ferretti,4.3,Completato,1879.73,5.6,7412,8,7,Completato
INT-0244,Cefla Srl,Imola,Quadro BT ABB,Quadro Elettrico,Manutenzione Correttiva,Media,2024-03-07,Monti,3.9,Completato,1502.96,6.4,11633,9,1,Completato
INT-0245,SCM Group,Rimini,Quadro Automazione Allen Bradley,Quadro Elettrico,Manutenzione Preventiva,Alta,2022-04-24,Monti,10.2,Completato,1899.74,6.8,14350,15,5,Completato
INT-0246,Marchesini Group,Bologna,Compressore Atlas Copco GA55,Compressore,Guasto Urgente,Alta,2024-06-14,Ferretti,1.4,Parziale,870.34,10.9,20103,14,4,Parziale
INT-0247,Tecnoinox Srl,Reggio Emilia,Pompa Centrifuga Grundfos NB,Pompa,Guasto Urgente,Media,2024-06-18,Ansaloni,9.1,Completato,1093.53,0.6,803,5,5,Completato
INT-0248,Tecnoinox Srl,Reggio Emilia,Gruppo Frigo Carrier 30XA,Refrigerazione,Manutenzione Correttiva,Media,2023-12-14,Bernardini,9.0,Completato,2749.87,3.6,5708,15,6,Completato
INT-0249,Coesia SpA,Bologna,Compressore Ingersoll R55,Compressore,Manutenzione Correttiva,Media,2024-05-08,Ansaloni,9.0,Parziale,2505.59,9.7,18220,5,6,Parziale
INT-0250,Bonfiglioli SpA,Bologna,Pompa Centrifuga Grundfos NB,Pompa,Manutenzione Correttiva,Bassa,2023-08-14,Ansaloni,9.0,Completato,689.24,1.0,1461,10,0,Completato
INT-0251,Tecnoinox Srl,Reggio Emilia,Riduttore Bonfiglioli VF,Trasmissione,Manutenzione Correttiva,Media,2022-02-25,Ansaloni,1.1,Recidiva,2621.49,6.0,11182,12,2,Recidiva
INT-0252,Cefla Srl,Imola,Pompa Flygt Serie 3,Pompa,Manutenzione Preventiva,Alta,2023-02-17,Ferretti,10.0,Completato,294.42,9.1,13837,10,4,Completato
INT-0253,Pneumax Srl,Bergamo,Giunto elastico Flender,Trasmissione,Manutenzione Preventiva,Media,2022-01-01,Ansaloni,10.1,Completato,2233.65,5.6,7384,15,0,Completato
INT-0254,Marposs SpA,Bologna,Variatore SEW Eurodrive,Trasmissione,Manutenzione Correttiva,Alta,2023-09-07,Ansaloni,6.2,Completato,1867.49,11.4,17822,1,3,Completato
INT-0255,Pneumax Srl,Bergamo,Compressore Atlas Copco GA55,Compressore,Guasto Urgente,Media,2022-06-18,Ferretti,6.4,Completato,2315.4,0.5,777,9,8,Completato
INT-0256,Rollon SpA,Milano,Compressore Boge C15,Compressore,Manutenzione Correttiva,Alta,2024-02-15,Ferretti,5.6,Completato,2600.42,1.9,3899,6,7,Completato
INT-0257,IMA Industries,Bologna,Pompa Flygt Serie 3,Pompa,Ispezione Periodica,Media,2023-06-05,Ansaloni,9.6,Completato,2555.69,11.6,13970,1,8,Completato
INT-0258,Coesia SpA,Bologna,Gruppo Frigo Carrier 30XA,Refrigerazione,Guasto Urgente,Alta,2024-04-04,Bernardini,2.5,Completato,1202.67,6.3,9983,7,4,Completato
INT-0259,Cefla Srl,Imola,Pannello PLC Siemens S7,Quadro Elettrico,Ispezione Periodica,Alta,2022-07-02,Monti,6.5,Completato,1968.53,2.8,5107,9,5,Completato
INT-0260,Tecnoinox Srl,Reggio Emilia,Compressore Boge C15,Compressore,Manutenzione Correttiva,Alta,2022-04-20,Ferretti,1.3,Completato,475.29,8.3,17379,17,4,Completato
INT-0261,Fluid System Srl,Modena,Refrigeratore Clivet WSAN,Refrigerazione,Manutenzione Correttiva,Alta,2022-02-03,Bernardini,4.9,Completato,1311.06,11.8,22224,4,0,Completato
INT-0262,Samp SpA,Bologna,Gruppo Frigo Daikin EWAD,Refrigerazione,Guasto Urgente,Media,2023-07-20,Bernardini,1.6,Completato,2102.78,8.5,10599,12,6,Completato
INT-0263,SCM Group,Rimini,Giunto elastico Flender,Trasmissione,Manutenzione Preventiva,Alta,2022-07-11,Monti,11.6,Completato,2079.42,9.2,16068,6,3,Completato
INT-0264,IMA Industries,Bologna,Pompa Centrifuga Grundfos NB,Pompa,Manutenzione Preventiva,Bassa,2022-06-07,Ansaloni,11.2,Completato,1703.51,2.0,3567,8,0,Completato
INT-0265,Marposs SpA,Bologna,Pompa Lowara FC,Pompa,Manutenzione Correttiva,Alta,2023-02-18,Ansaloni,2.0,Completato,681.66,6.5,14020,16,1,Completato
INT-0266,SCM Group,Rimini,Pannello PLC Siemens S7,Quadro Elettrico,Manutenzione Correttiva,Bassa,2023-11-16,Monti,4.8,Completato,733.75,11.4,20728,15,8,Completato
INT-0267,Datalogic SpA,Bologna,Compressore Boge C15,Compressore,Ispezione Periodica,Bassa,2024-04-02,Ferretti,6.6,Completato,1404.11,4.9,8527,9,0,Completato
INT-0268,Marposs SpA,Bologna,Refrigeratore Clivet WSAN,Refrigerazione,Manutenzione Preventiva,Alta,2024-03-03,Bernardini,3.3,Completato,1944.3,2.4,5175,17,8,Completato
INT-0269,IMA Industries,Bologna,Gruppo Frigo Daikin EWAD,Refrigerazione,Manutenzione Preventiva,Alta,2022-09-15,Bernardini,7.1,Completato,1643.9,9.1,12319,14,5,Completato
INT-0270,Datalogic SpA,Bologna,Quadro Automazione Allen Bradley,Quadro Elettrico,Manutenzione Preventiva,Media,2024-02-03,Monti,7.4,Completato,1986.4,5.5,6692,3,8,Completato
INT-0271,Termomeccanica Srl,Parma,Quadro MCC Schneider,Quadro Elettrico,Guasto Urgente,Media,2023-07-01,Monti,3.4,Completato,2111.17,7.5,11111,14,6,Completato
INT-0272,Samp SpA,Bologna,Quadro BT ABB,Quadro Elettrico,Manutenzione Preventiva,Alta,2023-07-05,Monti,7.0,Completato,311.55,11.5,13928,17,2,Completato
INT-0273,SCM Group,Rimini,Quadro BT ABB,Quadro Elettrico,Manutenzione Preventiva,Media,2022-02-25,Monti,10.4,Completato,2616.05,2.4,3409,8,3,Completato
INT-0274,Samp SpA,Bologna,Pompa Centrifuga Grundfos NB,Pompa,Ispezione Periodica,Media,2022-08-29,Ansaloni,2.1,Completato,1765.08,3.4,4751,18,7,Completato
INT-0275,SCM Group,Rimini,Quadro Automazione Allen Bradley,Quadro Elettrico,Manutenzione Correttiva,Bassa,2022-11-17,Monti,3.7,Completato,682.55,8.5,11495,18,5,Completato
INT-0276,Rollon SpA,Milano,Pannello PLC Siemens S7,Quadro Elettrico,Guasto Urgente,Alta,2022-03-25,Monti,10.3,Completato,2415.7,10.6,17626,11,4,Completato
INT-0277,Marchesini Group,Bologna,Variatore SEW Eurodrive,Trasmissione,Manutenzione Correttiva,Media,2022-08-06,Ansaloni,11.0,Completato,1580.34,8.9,18619,16,0,Completato
INT-0278,Samp SpA,Bologna,Giunto elastico Flender,Trasmissione,Manutenzione Preventiva,Media,2023-01-08,Ansaloni,6.5,Completato,1882.49,4.7,6689,18,4,Completato
INT-0279,Coesia SpA,Bologna,Variatore SEW Eurodrive,Trasmissione,Ispezione Periodica,Alta,2022-08-26,Ansaloni,1.7,Completato,1084.86,7.0,12360,4,7,Completato
INT-0280,Fluid System Srl,Modena,Refrigeratore Clivet WSAN,Refrigerazione,Manutenzione Correttiva,Media,2024-05-04,Bernardini,9.2,Completato,1653.88,10.6,13142,10,1,Completato
INT-0281,Coesia SpA,Bologna,Pompa Flygt Serie 3,Pompa,Guasto Urgente,Bassa,2024-03-22,Ansaloni,6.3,Completato,1723.45,6.4,10088,7,8,Completato
INT-0282,Cefla Srl,Imola,Gruppo Frigo Daikin EWAD,Refrigerazione,Manutenzione Preventiva,Media,2023-11-08,Bernardini,3.5,Completato,2286.39,6.4,9477,4,2,Completato
INT-0283,IMA Industries,Bologna,Pompa Flygt Serie 3,Pompa,Manutenzione Preventiva,Media,2023-06-09,Ansaloni,1.4,Completato,1636.57,7.9,12726,7,0,Completato
INT-0284,Fluid System Srl,Modena,Refrigeratore Clivet WSAN,Refrigerazione,Ispezione Periodica,Alta,2023-04-28,Ansaloni,10.5,Completato,543.94,7.4,13050,0,4,Completato
INT-0285,Rollon SpA,Milano,Variatore SEW Eurodrive,Trasmissione,Ispezione Periodica,Media,2023-01-23,Ansaloni,5.2,Completato,375.31,7.7,13173,5,5,Completato
INT-0286,SCM Group,Rimini,Giunto elastico Flender,Trasmissione,Guasto Urgente,Alta,2022-05-14,Ferretti,10.9,Completato,1546.86,2.5,5254,1,8,Completato
INT-0287,Carpigiani SpA,Bologna,Pompa Flygt Serie 3,Pompa,Guasto Urgente,Media,2024-05-07,Ansaloni,8.7,Recidiva,345.79,8.5,13846,15,6,Recidiva
INT-0288,Marchesini Group,Bologna,Quadro Automazione Allen Bradley,Quadro Elettrico,Manutenzione Preventiva,Media,2023-08-15,Monti,6.7,Completato,1493.75,3.8,7891,13,4,Completato
INT-0289,Elcon Srl,Piacenza,Refrigeratore Clivet WSAN,Refrigerazione,Ispezione Periodica,Media,2022-10-10,Bernardini,11.9,Completato,1161.08,2.3,4258,8,4,Completato
INT-0290,SCM Group,Rimini,Pompa Flygt Serie 3,Pompa,Manutenzione Correttiva,Bassa,2024-02-05,Ansaloni,3.5,Completato,2210.06,3.4,5122,11,6,Completato
INT-0291,Coesia SpA,Bologna,Compressore Kaeser SK25,Compressore,Guasto Urgente,Media,2024-04-23,Ferretti,2.6,Completato,2598.34,9.7,17596,1,2,Completato
INT-0292,Rollon SpA,Milano,Compressore Atlas Copco GA55,Compressore,Manutenzione Correttiva,Media,2023-09-04,Ferretti,1.6,Completato,2184.21,1.4,1732,12,6,Completato
INT-0293,Coesia SpA,Bologna,Pompa Flygt Serie 3,Pompa,Manutenzione Correttiva,Media,2023-01-04,Ansaloni,3.6,Completato,80.78,2.7,5356,16,8,Completato
INT-0294,Coesia SpA,Bologna,Compressore Boge C15,Compressore,Manutenzione Preventiva,Media,2023-07-17,Ferretti,4.1,Recidiva,2336.96,8.2,13164,6,8,Recidiva
INT-0295,Frigomec Srl,Modena,Pannello PLC Siemens S7,Quadro Elettrico,Manutenzione Preventiva,Media,2023-05-31,Monti,4.2,Completato,2655.88,5.7,9142,0,4,Completato
INT-0296,Cefla Srl,Imola,Pannello PLC Siemens S7,Quadro Elettrico,Manutenzione Correttiva,Bassa,2023-05-09,Monti,2.3,Parziale,263.75,7.0,13789,10,7,Parziale
INT-0297,Datalogic SpA,Bologna,Refrigeratore Clivet WSAN,Refrigerazione,Manutenzione Preventiva,Media,2022-12-17,Bernardini,1.8,Completato,2613.4,6.4,7742,8,3,Completato
INT-0298,Bonfiglioli SpA,Bologna,Pannello PLC Siemens S7,Quadro Elettrico,Manutenzione Correttiva,Alta,2022-09-29,Monti,3.3,Completato,631.53,2.6,5060,6,7,Completato
INT-0299,Datalogic SpA,Bologna,Cinghia trapezoidale SKF,Trasmissione,Manutenzione Correttiva,Media,2023-05-09,Ansaloni,5.1,Completato,937.93,1.9,2429,15,0,Completato
INT-0300,Aeroquip Srl,Ferrara,Pompa KSB Etanorm,Pompa,Guasto Urgente,Media,2022-02-03,Monti,6.5,Parziale,1150.91,5.1,9945,4,0,Parziale
INT-0301,Coesia SpA,Bologna,Pompa Centrifuga Grundfos NB,Pompa,Manutenzione Correttiva,Alta,2022-09-23,Ansaloni,3.1,Completato,794.95,4.1,4954,6,6,Completato
INT-0302,Aeroquip Srl,Ferrara,Pompa Lowara FC,Pompa,Ispezione Periodica,Alta,2022-05-15,Ansaloni,11.8,Completato,1945.95,5.4,8743,11,5,Completato
INT-0303,IMA Industries,Bologna,Quadro BT ABB,Quadro Elettrico,Manutenzione Correttiva,Alta,2024-05-19,Monti,7.9,Completato,1532.43,2.8,5600,4,7,Completato
INT-0304,Tecnoinox Srl,Reggio Emilia,Pompa Lowara FC,Pompa,Manutenzione Correttiva,Media,2023-04-06,Ansaloni,9.2,Completato,786.57,5.1,9641,1,3,Completato
INT-0305,Frigomec Srl,Modena,Cinghia trapezoidale SKF,Trasmissione,Manutenzione Preventiva,Media,2023-11-21,Ansaloni,6.6,Completato,2187.3,1.9,3928,6,8,Completato
INT-0306,Pneumax Srl,Bergamo,Compressore Ingersoll R55,Compressore,Guasto Urgente,Media,2022-03-15,Ferretti,1.9,Completato,1014.66,7.8,10489,5,5,Completato
INT-0307,Tecnoinox Srl,Reggio Emilia,Pannello PLC Siemens S7,Quadro Elettrico,Ispezione Periodica,Media,2022-01-24,Monti,2.4,Completato,718.19,3.6,5921,11,8,Completato
INT-0308,Aeroquip Srl,Ferrara,Compressore Kaeser SK25,Compressore,Manutenzione Preventiva,Media,2022-03-27,Ferretti,2.1,Completato,1761.24,1.6,3418,15,8,Completato
INT-0309,Termomeccanica Srl,Parma,Pompa Lowara FC,Pompa,Manutenzione Preventiva,Media,2022-11-30,Ansaloni,10.5,Parziale,1350.77,5.6,7427,16,2,Parziale
INT-0310,Samp SpA,Bologna,Quadro Automazione Allen Bradley,Quadro Elettrico,Guasto Urgente,Media,2022-12-22,Monti,6.3,Completato,697.79,7.3,12092,18,6,Completato
INT-0311,Termomeccanica Srl,Parma,Pompa Lowara FC,Pompa,Guasto Urgente,Media,2023-05-19,Ansaloni,11.4,Completato,1377.62,2.3,2784,16,2,Completato
INT-0312,Carpigiani SpA,Bologna,Pompa Lowara FC,Pompa,Guasto Urgente,Alta,2023-02-04,Ansaloni,10.1,Completato,680.01,6.8,9442,17,6,Completato
INT-0313,Termomeccanica Srl,Parma,Pompa KSB Etanorm,Pompa,Manutenzione Preventiva,Alta,2022-04-24,Ansaloni,8.0,Completato,1760.22,3.8,7383,8,6,Completato
INT-0314,Aeroquip Srl,Ferrara,Giunto elastico Flender,Trasmissione,Ispezione Periodica,Alta,2023-03-25,Ansaloni,9.0,Completato,713.24,2.2,4773,0,2,Completato
INT-0315,Marchesini Group,Bologna,Compressore Ingersoll R55,Compressore,Manutenzione Correttiva,Alta,2024-02-08,Ferretti,11.5,Completato,232.42,4.1,8197,11,7,Completato
INT-0316,Elcon Srl,Piacenza,Compressore Ingersoll R55,Compressore,Guasto Urgente,Bassa,2022-02-04,Ferretti,3.2,Completato,2080.08,9.9,20079,3,3,Completato
INT-0317,IMA Industries,Bologna,Variatore SEW Eurodrive,Trasmissione,Guasto Urgente,Alta,2022-07-23,Ansaloni,5.0,Completato,221.68,11.3,15352,1,8,Completato
INT-0318,SCM Group,Rimini,Compressore Kaeser SK25,Compressore,Manutenzione Preventiva,Media,2023-08-19,Ferretti,9.6,Parziale,1372.74,0.7,1396,18,1,Parziale
INT-0319,Marchesini Group,Bologna,Quadro MCC Schneider,Quadro Elettrico,Manutenzione Preventiva,Media,2022-04-20,Monti,2.4,Completato,712.87,1.6,2909,1,0,Completato
INT-0320,Samp SpA,Bologna,Quadro Automazione Allen Bradley,Quadro Elettrico,Manutenzione Correttiva,Alta,2022-10-29,Monti,7.0,Completato,1413.05,8.4,13088,4,4,Completato
INT-0321,Coesia SpA,Bologna,Cinghia trapezoidale SKF,Trasmissione,Manutenzione Preventiva,Alta,2022-09-27,Ansaloni,7.0,Completato,1315.09,3.7,7515,17,2,Completato
INT-0322,Cefla Srl,Imola,Pompa KSB Etanorm,Pompa,Manutenzione Correttiva,Alta,2024-02-24,Monti,7.1,Completato,1747.47,9.4,13524,2,8,Completato
INT-0323,Tecnoinox Srl,Reggio Emilia,Pompa Lowara FC,Pompa,Manutenzione Preventiva,Media,2023-08-08,Ansaloni,8.1,Completato,1136.99,1.0,2137,5,0,Completato
INT-0324,Bonfiglioli SpA,Bologna,Cinghia trapezoidale SKF,Trasmissione,Ispezione Periodica,Bassa,2023-10-17,Ansaloni,1.7,Completato,1597.81,7.5,9531,6,7,Completato
INT-0325,Rollon SpA,Milano,Quadro MCC Schneider,Quadro Elettrico,Ispezione Periodica,Bassa,2024-01-13,Monti,3.5,Completato,1128.1,6.6,12766,9,1,Completato
INT-0326,SCM Group,Rimini,Variatore SEW Eurodrive,Trasmissione,Manutenzione Correttiva,Media,2022-04-17,Ansaloni,2.8,Completato,570.68,6.9,12131,3,5,Completato
INT-0327,Elcon Srl,Piacenza,Cinghia trapezoidale SKF,Trasmissione,Manutenzione Correttiva,Alta,2024-04-25,Ansaloni,9.0,Completato,1734.88,11.2,23547,17,5,Completato
INT-0328,Samp SpA,Bologna,Gruppo Frigo Daikin EWAD,Refrigerazione,Manutenzione Correttiva,Bassa,2023-06-15,Bernardini,2.5,Completato,2501.68,4.6,7601,12,0,Completato
INT-0329,Carpigiani SpA,Bologna,Quadro BT ABB,Quadro Elettrico,Guasto Urgente,Media,2022-04-07,Monti,1.4,Completato,1047.38,0.7,1415,8,8,Completato
INT-0330,Marchesini Group,Bologna,Pannello PLC Siemens S7,Quadro Elettrico,Manutenzione Correttiva,Alta,2022-11-29,Bernardini,9.7,Completato,550.29,3.2,6435,2,6,Completato
INT-0331,IMA Industries,Bologna,Cinghia trapezoidale SKF,Trasmissione,Ispezione Periodica,Media,2022-05-04,Ansaloni,10.6,Parziale,696.67,1.4,1758,10,5,Parziale
INT-0332,Carpigiani SpA,Bologna,Pompa Centrifuga Grundfos NB,Pompa,Manutenzione Correttiva,Alta,2023-02-07,Ansaloni,11.7,Completato,2127.73,4.2,7412,10,8,Completato
INT-0333,Cefla Srl,Imola,Compressore Kaeser SK25,Compressore,Guasto Urgente,Media,2023-03-21,Ferretti,9.5,Completato,434.62,2.2,3379,15,0,Completato
INT-0334,Marchesini Group,Bologna,Pompa KSB Etanorm,Pompa,Manutenzione Preventiva,Alta,2023-12-03,Ansaloni,11.2,Completato,323.7,7.0,15379,16,3,Completato
INT-0335,Rollon SpA,Milano,Pompa Lowara FC,Pompa,Ispezione Periodica,Media,2023-03-29,Ansaloni,7.9,Recidiva,1278.06,4.5,8349,9,2,Recidiva
INT-0336,Datalogic SpA,Bologna,Refrigeratore Clivet WSAN,Refrigerazione,Manutenzione Preventiva,Media,2023-04-06,Bernardini,6.2,Completato,982.7,1.8,2258,4,4,Completato
INT-0337,Samp SpA,Bologna,Chiller Trane CGAM,Refrigerazione,Guasto Urgente,Bassa,2022-09-19,Bernardini,2.9,Completato,852.52,6.8,12396,4,0,Completato
INT-0338,Aeroquip Srl,Ferrara,Compressore Ingersoll R55,Compressore,Manutenzione Preventiva,Bassa,2022-08-25,Ferretti,11.8,Completato,1463.23,1.3,2418,11,1,Completato
INT-0339,IMA Industries,Bologna,Quadro Automazione Allen Bradley,Quadro Elettrico,Ispezione Periodica,Alta,2023-06-27,Ferretti,4.4,Completato,1412.62,2.6,4421,14,8,Completato
INT-0340,Coesia SpA,Bologna,Compressore Boge C15,Compressore,Manutenzione Correttiva,Media,2024-04-14,Ferretti,11.9,Parziale,2648.05,7.7,11058,16,4,Parziale
INT-0341,Aeroquip Srl,Ferrara,Chiller Trane CGAM,Refrigerazione,Ispezione Periodica,Media,2022-08-21,Bernardini,5.6,Completato,1638.28,8.1,10431,12,8,Completato
INT-0342,Rollon SpA,Milano,Pannello PLC Siemens S7,Quadro Elettrico,Ispezione Periodica,Alta,2023-06-21,Monti,11.0,Completato,1249.77,2.9,3881,17,3,Completato
INT-0343,Marchesini Group,Bologna,Variatore SEW Eurodrive,Trasmissione,Manutenzione Correttiva,Bassa,2023-02-26,Ansaloni,4.3,Completato,2108.06,2.6,5302,4,0,Completato
INT-0344,Aeroquip Srl,Ferrara,Chiller Trane CGAM,Refrigerazione,Manutenzione Correttiva,Alta,2022-03-23,Bernardini,8.6,Completato,1376.36,0.8,1748,8,3,Completato
INT-0345,Cefla Srl,Imola,Giunto elastico Flender,Trasmissione,Manutenzione Preventiva,Alta,2022-01-16,Ansaloni,11.2,Completato,2664.54,2.6,4127,15,2,Completato
INT-0346,Datalogic SpA,Bologna,Chiller Trane CGAM,Refrigerazione,Manutenzione Correttiva,Alta,2023-09-15,Bernardini,9.1,Completato,1114.62,10.5,17744,10,7,Completato
INT-0347,Tecnoinox Srl,Reggio Emilia,Pompa Centrifuga Grundfos NB,Pompa,Guasto Urgente,Bassa,2023-02-01,Ansaloni,6.7,Completato,1795.36,5.8,12051,7,8,Completato
INT-0348,Fluid System Srl,Modena,Refrigeratore Clivet WSAN,Refrigerazione,Guasto Urgente,Bassa,2022-05-26,Bernardini,6.1,Completato,1837.4,9.4,13967,5,6,Completato
INT-0349,Termomeccanica Srl,Parma,Riduttore Bonfiglioli VF,Trasmissione,Guasto Urgente,Bassa,2023-04-11,Ansaloni,2.0,Parziale,961.48,5.0,7617,0,2,Parziale
INT-0350,Coesia SpA,Bologna,Compressore Atlas Copco GA55,Compressore,Manutenzione Correttiva,Alta,2022-02-14,Ferretti,9.5,Completato,2561.33,7.8,10025,12,8,Completato
INT-0351,Marchesini Group,Bologna,Chiller Trane CGAM,Refrigerazione,Manutenzione Correttiva,Alta,2022-07-27,Bernardini,1.0,Completato,2161.88,5.3,8000,14,4,Completato
INT-0352,Carpigiani SpA,Bologna,Pompa Flygt Serie 3,Pompa,Guasto Urgente,Media,2022-01-07,Ferretti,3.7,Completato,1568.77,7.5,12701,6,7,Completato
INT-0353,Samp SpA,Bologna,Gruppo Frigo Carrier 30XA,Refrigerazione,Guasto Urgente,Alta,2022-07-02,Bernardini,2.8,Completato,853.52,8.0,9893,1,4,Completato
INT-0354,Samp SpA,Bologna,Gruppo Frigo Daikin EWAD,Refrigerazione,Guasto Urgente,Alta,2023-03-14,Bernardini,10.3,Completato,256.6,11.2,14483,9,5,Completato
INT-0355,Bonfiglioli SpA,Bologna,Gruppo Frigo Carrier 30XA,Refrigerazione,Manutenzione Correttiva,Alta,2023-10-07,Bernardini,6.8,Completato,318.46,4.3,6939,6,3,Completato
INT-0356,Marposs SpA,Bologna,Pompa Lowara FC,Pompa,Manutenzione Correttiva,Alta,2023-09-17,Ansaloni,3.6,Parziale,870.13,11.2,20320,15,8,Parziale
INT-0357,SCM Group,Rimini,Compressore Atlas Copco GA55,Compressore,Manutenzione Preventiva,Alta,2022-08-06,Ferretti,1.1,Parziale,627.23,9.0,12665,13,6,Parziale
INT-0358,Marposs SpA,Bologna,Quadro MCC Schneider,Quadro Elettrico,Guasto Urgente,Alta,2024-05-02,Monti,2.9,Recidiva,979.0,9.3,12218,10,5,Recidiva
INT-0359,Tecnoinox Srl,Reggio Emilia,Pompa Flygt Serie 3,Pompa,Guasto Urgente,Bassa,2022-02-27,Ansaloni,10.2,Parziale,894.21,6.0,10963,17,5,Parziale
INT-0360,Tecnoinox Srl,Reggio Emilia,Riduttore Bonfiglioli VF,Trasmissione,Ispezione Periodica,Alta,2023-01-20,Ansaloni,7.9,Completato,2371.34,9.7,20253,11,1,Completato
INT-0361,Elcon Srl,Piacenza,Gruppo Frigo Carrier 30XA,Refrigerazione,Guasto Urgente,Alta,2023-04-08,Monti,10.1,Completato,903.15,8.6,13024,1,4,Completato
INT-0362,Cefla Srl,Imola,Quadro BT ABB,Quadro Elettrico,Manutenzione Preventiva,Alta,2022-07-14,Monti,4.7,Completato,1395.04,9.4,19865,14,8,Completato
INT-0363,Cefla Srl,Imola,Pannello PLC Siemens S7,Quadro Elettrico,Manutenzione Correttiva,Media,2023-06-19,Monti,2.3,Completato,925.87,10.0,21380,4,3,Completato
INT-0364,Fluid System Srl,Modena,Riduttore Bonfiglioli VF,Trasmissione,Guasto Urgente,Media,2022-11-25,Ansaloni,3.2,Completato,859.46,1.7,3342,9,0,Completato
INT-0365,Samp SpA,Bologna,Quadro Automazione Allen Bradley,Quadro Elettrico,Guasto Urgente,Alta,2022-11-23,Monti,4.0,Completato,2645.72,2.2,3242,0,8,Completato
INT-0366,Marposs SpA,Bologna,Variatore SEW Eurodrive,Trasmissione,Manutenzione Preventiva,Media,2022-04-19,Ansaloni,5.2,Completato,314.25,7.6,11694,14,0,Completato
INT-0367,Elcon Srl,Piacenza,Gruppo Frigo Daikin EWAD,Refrigerazione,Ispezione Periodica,Bassa,2022-05-15,Bernardini,2.0,Completato,2262.39,4.3,6012,17,1,Completato
INT-0368,Pneumax Srl,Bergamo,Compressore Ingersoll R55,Compressore,Ispezione Periodica,Media,2023-11-13,Ferretti,4.6,Completato,2421.35,5.9,12669,4,4,Completato
INT-0369,Tecnoinox Srl,Reggio Emilia,Pompa Flygt Serie 3,Pompa,Manutenzione Correttiva,Media,2022-04-16,Ansaloni,5.5,Completato,2022.82,1.8,3021,5,4,Completato
INT-0370,IMA Industries,Bologna,Quadro MCC Schneider,Quadro Elettrico,Manutenzione Preventiva,Media,2022-08-02,Monti,10.0,Completato,1687.44,5.1,8228,7,8,Completato
INT-0371,Rollon SpA,Milano,Cinghia trapezoidale SKF,Trasmissione,Manutenzione Preventiva,Media,2022-04-10,Ansaloni,10.0,Completato,559.19,2.5,4674,18,7,Completato
INT-0372,Elcon Srl,Piacenza,Compressore Atlas Copco GA55,Compressore,Manutenzione Preventiva,Alta,2024-02-13,Ferretti,8.0,Completato,80.5,4.3,7933,1,1,Completato
INT-0373,Marchesini Group,Bologna,Gruppo Frigo Daikin EWAD,Refrigerazione,Manutenzione Preventiva,Media,2023-03-22,Bernardini,8.9,Completato,2569.12,7.6,12518,6,5,Completato
INT-0374,Termomeccanica Srl,Parma,Riduttore Bonfiglioli VF,Trasmissione,Ispezione Periodica,Bassa,2023-07-28,Ansaloni,10.0,Completato,1057.15,10.2,20935,1,5,Completato
INT-0375,Marposs SpA,Bologna,Compressore Kaeser SK25,Compressore,Guasto Urgente,Alta,2022-05-23,Ferretti,3.1,Completato,1126.1,7.7,14720,12,6,Completato
INT-0376,Frigomec Srl,Modena,Pompa KSB Etanorm,Pompa,Manutenzione Correttiva,Media,2022-05-20,Ansaloni,1.9,Completato,1826.9,2.0,2543,0,2,Completato
INT-0377,Rollon SpA,Milano,Pompa Flygt Serie 3,Pompa,Guasto Urgente,Alta,2023-08-15,Ansaloni,6.5,Completato,2068.08,6.4,11213,14,6,Completato
INT-0378,Cefla Srl,Imola,Quadro Automazione Allen Bradley,Quadro Elettrico,Manutenzione Preventiva,Media,2022-05-26,Monti,9.0,Completato,1511.83,0.9,1114,15,5,Completato
INT-0379,Aeroquip Srl,Ferrara,Pompa Centrifuga Grundfos NB,Pompa,Manutenzione Correttiva,Alta,2022-12-18,Ansaloni,6.9,Completato,109.33,3.3,6041,2,8,Completato
INT-0380,Pneumax Srl,Bergamo,Giunto elastico Flender,Trasmissione,Manutenzione Preventiva,Media,2022-11-08,Ansaloni,9.0,Completato,1613.28,5.3,11451,9,4,Completato
INT-0381,Fluid System Srl,Modena,Pompa KSB Etanorm,Pompa,Manutenzione Preventiva,Alta,2022-10-12,Ansaloni,3.8,Parziale,1754.97,9.8,17878,9,7,Parziale
INT-0382,Aeroquip Srl,Ferrara,Quadro MCC Schneider,Quadro Elettrico,Manutenzione Correttiva,Alta,2023-05-12,Monti,3.0,Completato,1514.5,11.0,21328,14,5,Completato
INT-0383,Fluid System Srl,Modena,Quadro MCC Schneider,Quadro Elettrico,Guasto Urgente,Alta,2022-08-04,Bernardini,7.4,Completato,2369.79,10.1,19722,13,6,Completato
INT-0384,Fluid System Srl,Modena,Quadro MCC Schneider,Quadro Elettrico,Guasto Urgente,Media,2022-05-29,Monti,6.8,Completato,1262.48,5.1,7656,17,3,Completato
INT-0385,Marposs SpA,Bologna,Pompa Flygt Serie 3,Pompa,Manutenzione Correttiva,Media,2022-10-04,Ansaloni,3.9,Completato,347.31,1.6,2770,11,6,Completato
INT-0386,Elcon Srl,Piacenza,Pompa KSB Etanorm,Pompa,Guasto Urgente,Media,2022-01-13,Ansaloni,5.5,Completato,1508.72,6.5,12205,5,5,Completato
INT-0387,Pneumax Srl,Bergamo,Quadro BT ABB,Quadro Elettrico,Ispezione Periodica,Bassa,2023-09-06,Monti,8.0,Completato,2005.96,2.7,3303,2,0,Completato
INT-0388,IMA Industries,Bologna,Compressore Kaeser SK25,Compressore,Guasto Urgente,Bassa,2022-10-11,Ferretti,9.5,Completato,1962.84,10.8,20473,8,4,Completato
INT-0389,Tecnoinox Srl,Reggio Emilia,Quadro BT ABB,Quadro Elettrico,Manutenzione Preventiva,Bassa,2022-03-13,Monti,6.4,Completato,2605.75,9.4,14878,10,0,Completato
INT-0390,Elcon Srl,Piacenza,Gruppo Frigo Daikin EWAD,Refrigerazione,Manutenzione Preventiva,Alta,2022-09-14,Bernardini,9.5,Completato,131.04,3.0,5530,14,4,Completato
INT-0391,Bonfiglioli SpA,Bologna,Gruppo Frigo Carrier 30XA,Refrigerazione,Guasto Urgente,Bassa,2023-03-23,Ansaloni,5.4,Completato,2059.53,3.6,6840,12,0,Completato
INT-0392,Termomeccanica Srl,Parma,Variatore SEW Eurodrive,Trasmissione,Manutenzione Correttiva,Media,2023-10-25,Ansaloni,2.0,Completato,1534.18,1.9,3297,11,5,Completato
INT-0393,Tecnoinox Srl,Reggio Emilia,Compressore Ingersoll R55,Compressore,Manutenzione Correttiva,Alta,2022-04-20,Ferretti,7.9,Completato,1057.19,7.9,10875,1,6,Completato
INT-0394,Termomeccanica Srl,Parma,Pompa KSB Etanorm,Pompa,Guasto Urgente,Media,2023-05-27,Ansaloni,6.9,Completato,2349.16,0.8,1757,7,7,Completato
INT-0395,Pneumax Srl,Bergamo,Compressore Atlas Copco GA55,Compressore,Manutenzione Correttiva,Media,2023-11-26,Ferretti,10.6,Completato,1539.45,9.6,11931,3,3,Completato
INT-0396,Datalogic SpA,Bologna,Compressore Atlas Copco GA55,Compressore,Manutenzione Correttiva,Alta,2022-02-21,Ferretti,11.0,Completato,2312.41,8.0,13369,1,3,Completato
INT-0397,IMA Industries,Bologna,Pompa KSB Etanorm,Pompa,Manutenzione Preventiva,Alta,2024-05-05,Ferretti,11.8,Completato,1925.24,9.9,12932,15,3,Completato
INT-0398,Tecnoinox Srl,Reggio Emilia,Compressore Kaeser SK25,Compressore,Manutenzione Preventiva,Alta,2023-12-15,Ferretti,5.1,Completato,528.82,9.3,16675,10,1,Completato
INT-0399,Datalogic SpA,Bologna,Riduttore Bonfiglioli VF,Trasmissione,Manutenzione Preventiva,Alta,2023-10-30,Ansaloni,7.5,Completato,851.75,9.4,11426,15,1,Completato
INT-0400,Bonfiglioli SpA,Bologna,Chiller Trane CGAM,Refrigerazione,Manutenzione Correttiva,Media,2022-04-01,Bernardini,7.9,Completato,2208.63,6.5,10478,5,0,Completato
INT-0401,Frigomec Srl,Modena,Pompa Centrifuga Grundfos NB,Pompa,Ispezione Periodica,Bassa,2023-04-21,Ansaloni,9.5,Completato,1873.37,1.9,3287,3,5,Completato
INT-0402,Aeroquip Srl,Ferrara,Compressore Kaeser SK25,Compressore,Guasto Urgente,Media,2023-10-23,Ferretti,5.0,Completato,650.08,8.4,18216,15,7,Completato
INT-0403,Aeroquip Srl,Ferrara,Quadro Automazione Allen Bradley,Quadro Elettrico,Guasto Urgente,Alta,2023-04-01,Monti,7.5,Completato,966.64,11.1,15272,0,7,Completato
INT-0404,SCM Group,Rimini,Quadro BT ABB,Quadro Elettrico,Guasto Urgente,Alta,2023-05-12,Monti,1.6,Completato,1265.55,3.1,4455,13,3,Completato
INT-0405,SCM Group,Rimini,Giunto elastico Flender,Trasmissione,Manutenzione Preventiva,Alta,2022-03-03,Ansaloni,4.1,Completato,382.22,2.1,4031,11,4,Completato
INT-0406,Pneumax Srl,Bergamo,Pompa Flygt Serie 3,Pompa,Manutenzione Correttiva,Media,2023-02-26,Ansaloni,10.4,Completato,1410.66,3.0,4485,5,2,Completato
INT-0407,SCM Group,Rimini,Giunto elastico Flender,Trasmissione,Guasto Urgente,Media,2023-08-29,Monti,11.4,Parziale,2565.41,0.7,1139,7,3,Parziale
INT-0408,Carpigiani SpA,Bologna,Pompa Centrifuga Grundfos NB,Pompa,Guasto Urgente,Media,2022-04-11,Ansaloni,6.0,Completato,734.19,8.9,15167,13,8,Completato
INT-0409,Samp SpA,Bologna,Compressore Ingersoll R55,Compressore,Manutenzione Preventiva,Media,2024-05-28,Bernardini,7.3,Completato,1667.56,4.6,6619,2,0,Completato
INT-0410,Pneumax Srl,Bergamo,Pompa KSB Etanorm,Pompa,Ispezione Periodica,Alta,2022-12-07,Ansaloni,6.8,Completato,886.72,2.6,5386,14,0,Completato
INT-0411,Aeroquip Srl,Ferrara,Variatore SEW Eurodrive,Trasmissione,Ispezione Periodica,Media,2022-04-24,Ansaloni,5.2,Parziale,1345.76,7.6,11671,1,8,Parziale
INT-0412,Fluid System Srl,Modena,Pannello PLC Siemens S7,Quadro Elettrico,Manutenzione Preventiva,Alta,2024-02-10,Monti,7.4,Completato,2688.76,6.9,13617,4,5,Completato
INT-0413,SCM Group,Rimini,Refrigeratore Clivet WSAN,Refrigerazione,Guasto Urgente,Media,2024-04-29,Bernardini,2.3,Completato,2010.72,6.3,10224,1,1,Completato
INT-0414,Samp SpA,Bologna,Quadro Automazione Allen Bradley,Quadro Elettrico,Manutenzione Preventiva,Media,2022-03-20,Monti,2.2,Parziale,830.56,2.7,5626,2,1,Parziale
INT-0415,Marchesini Group,Bologna,Pompa KSB Etanorm,Pompa,Guasto Urgente,Media,2022-01-22,Ferretti,4.2,Completato,251.22,3.9,8461,17,2,Completato
INT-0416,Datalogic SpA,Bologna,Cinghia trapezoidale SKF,Trasmissione,Manutenzione Correttiva,Media,2022-05-16,Ansaloni,10.9,Completato,913.67,8.0,15894,15,8,Completato
INT-0417,Aeroquip Srl,Ferrara,Gruppo Frigo Daikin EWAD,Refrigerazione,Guasto Urgente,Alta,2023-12-30,Bernardini,6.9,Recidiva,575.8,9.4,11724,11,4,Recidiva
INT-0418,Coesia SpA,Bologna,Chiller Trane CGAM,Refrigerazione,Guasto Urgente,Alta,2023-11-13,Bernardini,4.5,Completato,1015.26,11.9,21116,14,4,Completato
INT-0419,Frigomec Srl,Modena,Pompa KSB Etanorm,Pompa,Ispezione Periodica,Bassa,2024-01-27,Ansaloni,7.0,Completato,1460.15,11.1,17810,15,2,Completato
INT-0420,Marposs SpA,Bologna,Pompa Lowara FC,Pompa,Manutenzione Correttiva,Media,2022-05-23,Bernardini,8.5,Recidiva,397.9,9.7,18706,14,5,Recidiva
INT-0421,Carpigiani SpA,Bologna,Pompa KSB Etanorm,Pompa,Manutenzione Preventiva,Bassa,2022-01-24,Ansaloni,1.9,Completato,2390.51,4.3,7775,6,8,Completato
INT-0422,Termomeccanica Srl,Parma,Giunto elastico Flender,Trasmissione,Guasto Urgente,Media,2023-01-31,Ansaloni,5.1,Completato,854.25,7.4,12665,1,5,Completato
INT-0423,Frigomec Srl,Modena,Quadro Automazione Allen Bradley,Quadro Elettrico,Manutenzione Preventiva,Bassa,2023-03-11,Ferretti,9.0,Recidiva,1206.61,3.0,6263,13,7,Recidiva
INT-0424,Termomeccanica Srl,Parma,Chiller Trane CGAM,Refrigerazione,Manutenzione Preventiva,Bassa,2022-06-29,Bernardini,7.1,Completato,2011.87,1.3,2808,12,1,Completato
INT-0425,Marchesini Group,Bologna,Chiller Trane CGAM,Refrigerazione,Guasto Urgente,Media,2024-03-21,Monti,1.0,Completato,794.48,6.9,8571,9,4,Completato
INT-0426,Bonfiglioli SpA,Bologna,Compressore Boge C15,Compressore,Manutenzione Correttiva,Media,2023-09-06,Ferretti,9.2,Recidiva,1660.5,10.9,20108,0,1,Recidiva
INT-0427,Rollon SpA,Milano,Quadro Automazione Allen Bradley,Quadro Elettrico,Manutenzione Preventiva,Alta,2024-06-18,Ferretti,8.6,Completato,1052.09,4.8,9278,0,4,Completato
INT-0428,Fluid System Srl,Modena,Pannello PLC Siemens S7,Quadro Elettrico,Manutenzione Preventiva,Media,2023-09-06,Monti,9.3,Completato,1558.9,1.1,1640,2,8,Completato
INT-0429,Tecnoinox Srl,Reggio Emilia,Pannello PLC Siemens S7,Quadro Elettrico,Manutenzione Preventiva,Media,2023-02-26,Monti,4.7,Completato,2557.34,1.6,2848,4,0,Completato
INT-0430,IMA Industries,Bologna,Chiller Trane CGAM,Refrigerazione,Manutenzione Correttiva,Media,2023-03-04,Bernardini,6.1,Parziale,287.81,9.6,16883,16,8,Parziale
INT-0431,Marchesini Group,Bologna,Compressore Ingersoll R55,Compressore,Manutenzione Preventiva,Alta,2022-05-02,Ferretti,3.4,Completato,2410.54,2.1,3448,16,5,Completato
INT-0432,Marchesini Group,Bologna,Refrigeratore Clivet WSAN,Refrigerazione,Manutenzione Preventiva,Media,2022-07-21,Bernardini,2.2,Completato,2237.11,11.8,19172,3,1,Completato
INT-0433,Cefla Srl,Imola,Riduttore Bonfiglioli VF,Trasmissione,Manutenzione Correttiva,Bassa,2022-07-24,Ansaloni,3.0,Completato,1036.17,1.0,1501,0,1,Completato
INT-0434,Termomeccanica Srl,Parma,Refrigeratore Clivet WSAN,Refrigerazione,Manutenzione Correttiva,Alta,2022-01-15,Monti,6.8,Completato,2027.01,4.6,9453,7,8,Completato
INT-0435,Marposs SpA,Bologna,Gruppo Frigo Carrier 30XA,Refrigerazione,Manutenzione Correttiva,Alta,2022-04-20,Ferretti,3.0,Completato,1045.12,11.1,23537,15,5,Completato
INT-0436,Elcon Srl,Piacenza,Pompa KSB Etanorm,Pompa,Manutenzione Preventiva,Alta,2023-12-23,Ansaloni,4.2,Completato,2044.21,1.8,3932,3,7,Completato
INT-0437,Termomeccanica Srl,Parma,Quadro Automazione Allen Bradley,Quadro Elettrico,Manutenzione Correttiva,Alta,2022-07-13,Monti,10.4,Parziale,2513.73,5.8,11229,14,3,Parziale
INT-0438,Bonfiglioli SpA,Bologna,Quadro BT ABB,Quadro Elettrico,Manutenzione Preventiva,Media,2022-04-15,Monti,9.2,Completato,2507.4,8.2,13090,16,1,Completato
INT-0439,Coesia SpA,Bologna,Compressore Boge C15,Compressore,Manutenzione Preventiva,Media,2024-02-23,Monti,8.8,Completato,1662.82,2.8,5723,12,1,Completato
INT-0440,Aeroquip Srl,Ferrara,Pompa Lowara FC,Pompa,Guasto Urgente,Alta,2023-10-06,Ansaloni,11.4,Completato,160.85,11.9,20365,4,7,Completato
INT-0441,Fluid System Srl,Modena,Compressore Ingersoll R55,Compressore,Manutenzione Correttiva,Alta,2024-02-09,Ferretti,6.7,Completato,1418.75,4.9,9208,4,4,Completato
INT-0442,Pneumax Srl,Bergamo,Refrigeratore Clivet WSAN,Refrigerazione,Manutenzione Preventiva,Media,2022-05-02,Bernardini,5.2,Recidiva,935.6,6.3,10977,17,8,Recidiva
INT-0443,Elcon Srl,Piacenza,Pompa Flygt Serie 3,Pompa,Guasto Urgente,Alta,2023-05-15,Ansaloni,9.4,Completato,1627.29,6.9,14216,9,2,Completato
INT-0444,Bonfiglioli SpA,Bologna,Giunto elastico Flender,Trasmissione,Manutenzione Correttiva,Media,2022-11-25,Ansaloni,1.7,Recidiva,1686.06,6.3,10025,15,6,Recidiva
INT-0445,Marchesini Group,Bologna,Pannello PLC Siemens S7,Quadro Elettrico,Guasto Urgente,Bassa,2022-02-27,Ferretti,8.3,Completato,753.51,9.3,16973,12,1,Completato
INT-0446,Marposs SpA,Bologna,Riduttore Bonfiglioli VF,Trasmissione,Guasto Urgente,Alta,2023-03-09,Ferretti,7.2,Completato,2531.83,10.5,13801,5,0,Completato
INT-0447,Aeroquip Srl,Ferrara,Compressore Ingersoll R55,Compressore,Ispezione Periodica,Alta,2022-12-11,Ferretti,6.5,Completato,2287.16,4.8,7633,18,1,Completato
INT-0448,Tecnoinox Srl,Reggio Emilia,Refrigeratore Clivet WSAN,Refrigerazione,Manutenzione Preventiva,Alta,2023-08-11,Bernardini,5.4,Completato,694.41,2.8,5139,2,8,Completato
INT-0449,Termomeccanica Srl,Parma,Riduttore Bonfiglioli VF,Trasmissione,Manutenzione Preventiva,Media,2022-11-06,Ansaloni,6.6,Completato,895.75,1.3,2601,15,6,Completato
INT-0450,Samp SpA,Bologna,Quadro BT ABB,Quadro Elettrico,Ispezione Periodica,Media,2022-07-11,Monti,7.3,Completato,659.23,7.7,12729,17,2,Completato
INT-0451,Pneumax Srl,Bergamo,Quadro Automazione Allen Bradley,Quadro Elettrico,Manutenzione Preventiva,Media,2023-03-22,Ferretti,5.5,Completato,2419.71,6.5,10167,4,3,Completato
INT-0452,Termomeccanica Srl,Parma,Gruppo Frigo Daikin EWAD,Refrigerazione,Manutenzione Preventiva,Alta,2024-03-27,Bernardini,10.1,Completato,1342.51,7.9,11505,7,6,Completato
INT-0453,Samp SpA,Bologna,Pompa Flygt Serie 3,Pompa,Manutenzione Correttiva,Alta,2023-10-22,Ansaloni,10.4,Completato,2701.5,2.8,4123,0,4,Completato
INT-0454,Bonfiglioli SpA,Bologna,Compressore Atlas Copco GA55,Compressore,Ispezione Periodica,Media,2023-02-11,Ferretti,11.4,Parziale,2049.92,4.1,6141,2,6,Parziale
INT-0455,Marchesini Group,Bologna,Gruppo Frigo Carrier 30XA,Refrigerazione,Guasto Urgente,Alta,2024-03-02,Bernardini,9.9,Completato,975.66,6.5,13188,16,4,Completato
INT-0456,Elcon Srl,Piacenza,Gruppo Frigo Daikin EWAD,Refrigerazione,Manutenzione Preventiva,Media,2023-01-19,Bernardini,8.7,Completato,387.25,2.5,5424,14,6,Completato
INT-0457,Samp SpA,Bologna,Pompa Flygt Serie 3,Pompa,Manutenzione Correttiva,Media,2023-09-13,Ansaloni,1.4,Completato,2091.3,10.6,22651,11,7,Completato
INT-0458,Fluid System Srl,Modena,Refrigeratore Clivet WSAN,Refrigerazione,Ispezione Periodica,Bassa,2023-02-07,Bernardini,11.2,Completato,2576.76,7.8,14824,3,8,Completato
INT-0459,Marposs SpA,Bologna,Compressore Kaeser SK25,Compressore,Manutenzione Preventiva,Alta,2023-05-19,Ferretti,6.2,Completato,1203.25,11.0,20144,13,0,Completato
INT-0460,Tecnoinox Srl,Reggio Emilia,Pompa Centrifuga Grundfos NB,Pompa,Guasto Urgente,Alta,2023-10-19,Monti,3.0,Completato,1286.06,6.3,9776,17,5,Completato
INT-0461,Marchesini Group,Bologna,Compressore Ingersoll R55,Compressore,Guasto Urgente,Bassa,2024-02-21,Ferretti,2.4,Completato,1695.72,4.1,5257,5,3,Completato
INT-0462,Rollon SpA,Milano,Quadro Automazione Allen Bradley,Quadro Elettrico,Manutenzione Preventiva,Media,2024-06-16,Monti,5.2,Completato,2350.33,3.5,6606,10,4,Completato
INT-0463,Datalogic SpA,Bologna,Compressore Atlas Copco GA55,Compressore,Manutenzione Correttiva,Alta,2023-03-16,Bernardini,7.6,Completato,485.96,10.9,23697,6,4,Completato
INT-0464,Frigomec Srl,Modena,Gruppo Frigo Carrier 30XA,Refrigerazione,Manutenzione Preventiva,Alta,2024-04-12,Bernardini,9.6,Parziale,863.26,9.4,20005,15,1,Parziale
INT-0465,Bonfiglioli SpA,Bologna,Pompa KSB Etanorm,Pompa,Guasto Urgente,Media,2022-10-25,Ansaloni,11.7,Completato,720.52,7.4,16244,9,3,Completato
INT-0466,Pneumax Srl,Bergamo,Refrigeratore Clivet WSAN,Refrigerazione,Manutenzione Correttiva,Media,2024-01-24,Bernardini,7.6,Completato,278.71,1.5,2503,10,6,Completato
INT-0467,Samp SpA,Bologna,Compressore Atlas Copco GA55,Compressore,Manutenzione Preventiva,Media,2023-02-09,Ferretti,8.4,Completato,439.69,5.9,9170,1,0,Completato
INT-0468,Samp SpA,Bologna,Compressore Kaeser SK25,Compressore,Guasto Urgente,Media,2022-04-30,Ferretti,4.4,Completato,2741.57,11.2,23272,4,1,Completato
INT-0469,Bonfiglioli SpA,Bologna,Pannello PLC Siemens S7,Quadro Elettrico,Guasto Urgente,Media,2023-05-19,Monti,9.4,Completato,491.44,10.9,15949,8,8,Completato
INT-0470,Pneumax Srl,Bergamo,Compressore Kaeser SK25,Compressore,Guasto Urgente,Bassa,2022-02-11,Ferretti,5.9,Parziale,2769.59,2.6,4342,5,7,Parziale
INT-0471,Samp SpA,Bologna,Pompa Flygt Serie 3,Pompa,Manutenzione Correttiva,Media,2023-07-31,Ansaloni,10.8,Completato,1673.04,1.9,2457,9,2,Completato
INT-0472,Carpigiani SpA,Bologna,Variatore SEW Eurodrive,Trasmissione,Manutenzione Preventiva,Media,2023-02-08,Ansaloni,5.1,Completato,2607.28,3.3,5603,3,5,Completato
INT-0473,IMA Industries,Bologna,Quadro BT ABB,Quadro Elettrico,Guasto Urgente,Alta,2023-11-03,Monti,7.8,Recidiva,1312.44,10.1,18781,14,4,Recidiva
INT-0474,Marchesini Group,Bologna,Gruppo Frigo Carrier 30XA,Refrigerazione,Ispezione Periodica,Media,2022-07-02,Monti,3.6,Completato,2176.79,4.2,5273,2,8,Completato
INT-0475,Elcon Srl,Piacenza,Compressore Atlas Copco GA55,Compressore,Manutenzione Preventiva,Bassa,2022-11-14,Bernardini,10.9,Completato,1721.56,5.0,8011,4,1,Completato
INT-0476,Frigomec Srl,Modena,Compressore Boge C15,Compressore,Manutenzione Preventiva,Media,2022-07-10,Ferretti,5.8,Completato,1238.77,5.6,8893,8,6,Completato
INT-0477,Fluid System Srl,Modena,Cinghia trapezoidale SKF,Trasmissione,Manutenzione Correttiva,Media,2023-03-24,Bernardini,1.9,Completato,2260.2,7.9,15117,15,8,Completato
INT-0478,Marposs SpA,Bologna,Chiller Trane CGAM,Refrigerazione,Manutenzione Correttiva,Bassa,2023-06-07,Bernardini,5.7,Completato,337.0,10.2,17575,9,0,Completato
INT-0479,Aeroquip Srl,Ferrara,Pannello PLC Siemens S7,Quadro Elettrico,Manutenzione Correttiva,Alta,2023-12-23,Monti,4.3,Completato,1677.21,1.8,3350,5,2,Completato
INT-0480,Pneumax Srl,Bergamo,Pompa Lowara FC,Pompa,Manutenzione Preventiva,Alta,2022-01-14,Ansaloni,2.9,Completato,1377.77,2.9,3706,8,1,Completato
INT-0481,Elcon Srl,Piacenza,Giunto elastico Flender,Trasmissione,Manutenzione Preventiva,Alta,2024-04-15,Ansaloni,1.2,Completato,2719.82,8.4,18170,12,4,Completato
INT-0482,Carpigiani SpA,Bologna,Gruppo Frigo Daikin EWAD,Refrigerazione,Manutenzione Preventiva,Media,2023-03-09,Bernardini,1.2,Completato,531.81,5.5,10043,17,3,Completato
INT-0483,Marchesini Group,Bologna,Pompa Flygt Serie 3,Pompa,Manutenzione Preventiva,Alta,2024-01-01,Ansaloni,5.7,Completato,1210.67,7.2,10089,18,6,Completato
INT-0484,Bonfiglioli SpA,Bologna,Cinghia trapezoidale SKF,Trasmissione,Manutenzione Correttiva,Media,2022-11-20,Ansaloni,7.1,Completato,808.55,6.1,10925,15,3,Completato
INT-0485,Rollon SpA,Milano,Pompa Centrifuga Grundfos NB,Pompa,Manutenzione Correttiva,Media,2023-06-04,Ansaloni,3.4,Completato,2552.67,5.7,9326,5,4,Completato
INT-0486,Tecnoinox Srl,Reggio Emilia,Giunto elastico Flender,Trasmissione,Manutenzione Correttiva,Media,2023-09-29,Ansaloni,3.3,Parziale,1958.7,8.8,13995,13,5,Parziale
INT-0487,Termomeccanica Srl,Parma,Pompa KSB Etanorm,Pompa,Guasto Urgente,Alta,2022-01-19,Ansaloni,4.9,Completato,789.4,7.5,9756,13,7,Completato
INT-0488,Coesia SpA,Bologna,Gruppo Frigo Carrier 30XA,Refrigerazione,Manutenzione Preventiva,Alta,2022-12-30,Monti,9.5,Completato,2174.66,5.5,9996,3,8,Completato
INT-0489,Samp SpA,Bologna,Quadro BT ABB,Quadro Elettrico,Ispezione Periodica,Media,2024-03-11,Ferretti,7.7,Recidiva,2207.47,8.6,18289,14,7,Recidiva
INT-0490,IMA Industries,Bologna,Riduttore Bonfiglioli VF,Trasmissione,Manutenzione Correttiva,Media,2023-05-26,Ansaloni,9.1,Completato,350.08,7.7,15945,11,2,Completato
INT-0491,Frigomec Srl,Modena,Quadro BT ABB,Quadro Elettrico,Manutenzione Correttiva,Media,2022-06-25,Monti,1.9,Completato,1093.03,5.5,8886,0,3,Completato
INT-0492,Rollon SpA,Milano,Quadro BT ABB,Quadro Elettrico,Ispezione Periodica,Media,2023-06-13,Monti,9.7,Recidiva,1064.03,9.6,12844,13,6,Recidiva
INT-0493,Carpigiani SpA,Bologna,Pompa KSB Etanorm,Pompa,Manutenzione Preventiva,Media,2023-10-19,Ansaloni,2.7,Completato,1642.8,1.5,2272,5,6,Completato
INT-0494,Cefla Srl,Imola,Quadro Automazione Allen Bradley,Quadro Elettrico,Manutenzione Correttiva,Bassa,2022-05-31,Monti,8.7,Completato,1293.63,8.8,13320,11,0,Completato
INT-0495,SCM Group,Rimini,Giunto elastico Flender,Trasmissione,Guasto Urgente,Media,2024-06-19,Ansaloni,2.4,Completato,2778.03,9.4,19561,2,0,Completato
INT-0496,Marposs SpA,Bologna,Gruppo Frigo Carrier 30XA,Refrigerazione,Manutenzione Preventiva,Media,2022-09-05,Bernardini,10.2,Completato,906.72,6.5,12720,5,0,Completato
INT-0497,Rollon SpA,Milano,Riduttore Bonfiglioli VF,Trasmissione,Manutenzione Correttiva,Bassa,2023-08-10,Ansaloni,9.1,Completato,1312.56,3.5,5976,3,0,Completato
INT-0498,Datalogic SpA,Bologna,Variatore SEW Eurodrive,Trasmissione,Manutenzione Correttiva,Media,2022-12-02,Ansaloni,6.7,Completato,603.75,8.2,16523,18,2,Completato
INT-0499,Frigomec Srl,Modena,Pompa Centrifuga Grundfos NB,Pompa,Manutenzione Correttiva,Alta,2023-01-14,Ansaloni,8.4,Completato,1175.49,10.0,12819,1,6,Completato
INT-0500,Samp SpA,Bologna,Giunto elastico Flender,Trasmissione,Manutenzione Correttiva,Alta,2023-12-30,Ansaloni,6.0,Completato,2713.05,7.8,17132,15,6,Completato
